Topic,Bm25 0.0 0.0 0.0,Bm25 0.0 0.0 0.25,Bm25 0.0 0.0 0.5,Bm25 0.0 0.0 0.75,Bm25 0.0 0.0 1.0,Bm25 0.0 0.25 0.0,Bm25 0.0 0.25 0.25,Bm25 0.0 0.25 0.5,Bm25 0.0 0.25 0.75,Bm25 0.0 0.25 1.0,Bm25 0.0 0.5 0.0,Bm25 0.0 0.5 0.25,Bm25 0.0 0.5 0.5,Bm25 0.0 0.5 0.75,Bm25 0.0 0.5 1.0,Bm25 0.0 0.75 0.0,Bm25 0.0 0.75 0.25,Bm25 0.0 0.75 0.5,Bm25 0.0 0.75 0.75,Bm25 0.0 0.75 1.0,Bm25 0.0 1.0 0.0,Bm25 0.0 1.0 0.25,Bm25 0.0 1.0 0.5,Bm25 0.0 1.0 0.75,Bm25 0.0 1.0 1.0,Bm25 0.25 0.0 0.0,Bm25 0.25 0.0 0.25,Bm25 0.25 0.0 0.5,Bm25 0.25 0.0 0.75,Bm25 0.25 0.0 1.0,Bm25 0.25 0.25 0.0,Bm25 0.25 0.25 0.25,Bm25 0.25 0.25 0.5,Bm25 0.25 0.25 0.75,Bm25 0.25 0.25 1.0,Bm25 0.25 0.5 0.0,Bm25 0.25 0.5 0.25,Bm25 0.25 0.5 0.5,Bm25 0.25 0.5 0.75,Bm25 0.25 0.5 1.0,Bm25 0.25 0.75 0.0,Bm25 0.25 0.75 0.25,Bm25 0.25 0.75 0.5,Bm25 0.25 0.75 0.75,Bm25 0.25 0.75 1.0,Bm25 0.25 1.0 0.0,Bm25 0.25 1.0 0.25,Bm25 0.25 1.0 0.5,Bm25 0.25 1.0 0.75,Bm25 0.25 1.0 1.0,Bm25 0.5 0.0 0.0,Bm25 0.5 0.0 0.25,Bm25 0.5 0.0 0.5,Bm25 0.5 0.0 0.75,Bm25 0.5 0.0 1.0,Bm25 0.5 0.25 0.0,Bm25 0.5 0.25 0.25,Bm25 0.5 0.25 0.5,Bm25 0.5 0.25 0.75,Bm25 0.5 0.25 1.0,Bm25 0.5 0.5 0.0,Bm25 0.5 0.5 0.25,Bm25 0.5 0.5 0.5,Bm25 0.5 0.5 0.75,Bm25 0.5 0.5 1.0,Bm25 0.5 0.75 0.0,Bm25 0.5 0.75 0.25,Bm25 0.5 0.75 0.5,Bm25 0.5 0.75 0.75,Bm25 0.5 0.75 1.0,Bm25 0.5 1.0 0.0,Bm25 0.5 1.0 0.25,Bm25 0.5 1.0 0.5,Bm25 0.5 1.0 0.75,Bm25 0.5 1.0 1.0,Bm25 0.75 0.0 0.0,Bm25 0.75 0.0 0.25,Bm25 0.75 0.0 0.5,Bm25 0.75 0.0 0.75,Bm25 0.75 0.0 1.0,Bm25 0.75 0.25 0.0,Bm25 0.75 0.25 0.25,Bm25 0.75 0.25 0.5,Bm25 0.75 0.25 0.75,Bm25 0.75 0.25 1.0,Bm25 0.75 0.5 0.0,Bm25 0.75 0.5 0.25,Bm25 0.75 0.5 0.5,Bm25 0.75 0.5 0.75,Bm25 0.75 0.5 1.0,Bm25 0.75 0.75 0.0,Bm25 0.75 0.75 0.25,Bm25 0.75 0.75 0.5,Bm25 0.75 0.75 0.75,Bm25 0.75 0.75 1.0,Bm25 0.75 1.0 0.0,Bm25 0.75 1.0 0.25,Bm25 0.75 1.0 0.5,Bm25 0.75 1.0 0.75,Bm25 0.75 1.0 1.0,Bm25 1.0 0.0 0.0,Bm25 1.0 0.0 0.25,Bm25 1.0 0.0 0.5,Bm25 1.0 0.0 0.75,Bm25 1.0 0.0 1.0,Bm25 1.0 0.25 0.0,Bm25 1.0 0.25 0.25,Bm25 1.0 0.25 0.5,Bm25 1.0 0.25 0.75,Bm25 1.0 0.25 1.0,Bm25 1.0 0.5 0.0,Bm25 1.0 0.5 0.25,Bm25 1.0 0.5 0.5,Bm25 1.0 0.5 0.75,Bm25 1.0 0.5 1.0,Bm25 1.0 0.75 0.0,Bm25 1.0 0.75 0.25,Bm25 1.0 0.75 0.5,Bm25 1.0 0.75 0.75,Bm25 1.0 0.75 1.0,Bm25 1.0 1.0 0.0,Bm25 1.0 1.0 0.25,Bm25 1.0 1.0 0.5,Bm25 1.0 1.0 0.75,Bm25 1.0 1.0 1.0,Bm25 Base,Bm25 Emotional Conclusions,Bm25 Emotional Premises,Bm25 Mix,Bm25 Neutral Conclusions,Bm25 Neutral Premises,Bm25 No Sentiment,Bm25 No Synonyms,Bm25 Sentiment Best,Bm25 Syn01,Bm25 Syn02,Bm25 Syn03,Bm25 Syn04,Bm25 Syn05,Bm25 Syn06,Bm25 Syn07,Bm25 Syn08,Bm25 Syn09,Bm25 Syn10,Bm25 Synonyms Best,Bm25 Weights Best,Dirichlet 0.0 0.0 0.0,Dirichlet 0.0 0.0 0.25,Dirichlet 0.0 0.0 0.5,Dirichlet 0.0 0.0 0.75,Dirichlet 0.0 0.0 1.0,Dirichlet 0.0 0.25 0.0,Dirichlet 0.0 0.25 0.25,Dirichlet 0.0 0.25 0.5,Dirichlet 0.0 0.25 0.75,Dirichlet 0.0 0.25 1.0,Dirichlet 0.0 0.5 0.0,Dirichlet 0.0 0.5 0.25,Dirichlet 0.0 0.5 0.5,Dirichlet 0.0 0.5 0.75,Dirichlet 0.0 0.5 1.0,Dirichlet 0.0 0.75 0.0,Dirichlet 0.0 0.75 0.25,Dirichlet 0.0 0.75 0.5,Dirichlet 0.0 0.75 0.75,Dirichlet 0.0 0.75 1.0,Dirichlet 0.0 1.0 0.0,Dirichlet 0.0 1.0 0.25,Dirichlet 0.0 1.0 0.5,Dirichlet 0.0 1.0 0.75,Dirichlet 0.0 1.0 1.0,Dirichlet 0.25 0.0 0.0,Dirichlet 0.25 0.0 0.25,Dirichlet 0.25 0.0 0.5,Dirichlet 0.25 0.0 0.75,Dirichlet 0.25 0.0 1.0,Dirichlet 0.25 0.25 0.0,Dirichlet 0.25 0.25 0.25,Dirichlet 0.25 0.25 0.5,Dirichlet 0.25 0.25 0.75,Dirichlet 0.25 0.25 1.0,Dirichlet 0.25 0.5 0.0,Dirichlet 0.25 0.5 0.25,Dirichlet 0.25 0.5 0.5,Dirichlet 0.25 0.5 0.75,Dirichlet 0.25 0.5 1.0,Dirichlet 0.25 0.75 0.0,Dirichlet 0.25 0.75 0.25,Dirichlet 0.25 0.75 0.5,Dirichlet 0.25 0.75 0.75,Dirichlet 0.25 0.75 1.0,Dirichlet 0.25 1.0 0.0,Dirichlet 0.25 1.0 0.25,Dirichlet 0.25 1.0 0.5,Dirichlet 0.25 1.0 0.75,Dirichlet 0.25 1.0 1.0,Dirichlet 0.5 0.0 0.0,Dirichlet 0.5 0.0 0.25,Dirichlet 0.5 0.0 0.5,Dirichlet 0.5 0.0 0.75,Dirichlet 0.5 0.0 1.0,Dirichlet 0.5 0.25 0.0,Dirichlet 0.5 0.25 0.25,Dirichlet 0.5 0.25 0.5,Dirichlet 0.5 0.25 0.75,Dirichlet 0.5 0.25 1.0,Dirichlet 0.5 0.5 0.0,Dirichlet 0.5 0.5 0.25,Dirichlet 0.5 0.5 0.5,Dirichlet 0.5 0.5 0.75,Dirichlet 0.5 0.5 1.0,Dirichlet 0.5 0.75 0.0,Dirichlet 0.5 0.75 0.25,Dirichlet 0.5 0.75 0.5,Dirichlet 0.5 0.75 0.75,Dirichlet 0.5 0.75 1.0,Dirichlet 0.5 1.0 0.0,Dirichlet 0.5 1.0 0.25,Dirichlet 0.5 1.0 0.5,Dirichlet 0.5 1.0 0.75,Dirichlet 0.5 1.0 1.0,Dirichlet 0.75 0.0 0.0,Dirichlet 0.75 0.0 0.25,Dirichlet 0.75 0.0 0.5,Dirichlet 0.75 0.0 0.75,Dirichlet 0.75 0.0 1.0,Dirichlet 0.75 0.25 0.0,Dirichlet 0.75 0.25 0.25,Dirichlet 0.75 0.25 0.5,Dirichlet 0.75 0.25 0.75,Dirichlet 0.75 0.25 1.0,Dirichlet 0.75 0.5 0.0,Dirichlet 0.75 0.5 0.25,Dirichlet 0.75 0.5 0.5,Dirichlet 0.75 0.5 0.75,Dirichlet 0.75 0.5 1.0,Dirichlet 0.75 0.75 0.0,Dirichlet 0.75 0.75 0.25,Dirichlet 0.75 0.75 0.5,Dirichlet 0.75 0.75 0.75,Dirichlet 0.75 0.75 1.0,Dirichlet 0.75 1.0 0.0,Dirichlet 0.75 1.0 0.25,Dirichlet 0.75 1.0 0.5,Dirichlet 0.75 1.0 0.75,Dirichlet 0.75 1.0 1.0,Dirichlet 1.0 0.0 0.0,Dirichlet 1.0 0.0 0.25,Dirichlet 1.0 0.0 0.5,Dirichlet 1.0 0.0 0.75,Dirichlet 1.0 0.0 1.0,Dirichlet 1.0 0.25 0.0,Dirichlet 1.0 0.25 0.25,Dirichlet 1.0 0.25 0.5,Dirichlet 1.0 0.25 0.75,Dirichlet 1.0 0.25 1.0,Dirichlet 1.0 0.5 0.0,Dirichlet 1.0 0.5 0.25,Dirichlet 1.0 0.5 0.5,Dirichlet 1.0 0.5 0.75,Dirichlet 1.0 0.5 1.0,Dirichlet 1.0 0.75 0.0,Dirichlet 1.0 0.75 0.25,Dirichlet 1.0 0.75 0.5,Dirichlet 1.0 0.75 0.75,Dirichlet 1.0 0.75 1.0,Dirichlet 1.0 1.0 0.0,Dirichlet 1.0 1.0 0.25,Dirichlet 1.0 1.0 0.5,Dirichlet 1.0 1.0 0.75,Dirichlet 1.0 1.0 1.0,Dirichlet Base,Dirichlet Emotional Conclusions,Dirichlet Emotional Premises,Dirichlet Mix,Dirichlet Neutral Conclusions,Dirichlet Neutral Remises,Dirichlet No Sentiment,Dirichlet No Synonyms,Dirichlet Sentiment Best,Dirichlet Syn01,Dirichlet Syn02,Dirichlet Syn03,Dirichlet Syn04,Dirichlet Syn05,Dirichlet Syn06,Dirichlet Syn07,Dirichlet Syn08,Dirichlet Syn09,Dirichlet Syn10,Dirichlet Synonyms Best,Dirichlet Weights Best
1,0.0,0.1696,0.1696,0.1696,0.1696,0.6548,1.0,1.0,1.0,1.0,0.6548,1.0,1.0,1.0,1.0,0.6548,1.0,1.0,1.0,1.0,0.6548,1.0,1.0,1.0,1.0,0.6608,1.0,1.0,1.0,1.0,0.6548,1.0,1.0,1.0,1.0,0.6548,1.0,1.0,1.0,1.0,0.6548,1.0,1.0,1.0,1.0,0.6548,1.0,1.0,1.0,1.0,0.6608,1.0,1.0,1.0,1.0,0.6608,1.0,1.0,1.0,1.0,0.6548,1.0,1.0,1.0,1.0,0.6548,1.0,1.0,1.0,1.0,0.6548,1.0,1.0,1.0,1.0,0.6608,1.0,1.0,1.0,1.0,0.6608,1.0,1.0,1.0,1.0,0.5296,1.0,1.0,1.0,1.0,0.6548,0.8688,1.0,1.0,1.0,0.6548,0.8688,1.0,1.0,1.0,0.6608,1.0,1.0,1.0,1.0,0.6608,1.0,1.0,1.0,1.0,0.6608,0.8688,1.0,1.0,1.0,0.5296,0.8539,1.0,1.0,1.0,0.6548,0.8539,1.0,1.0,1.0,0.6548,0.0,1.0,1.0,0.0,0.0,0.6548,0.6548,1.0,0.6608,0.6608,0.6608,0.6608,0.6608,0.6608,0.6608,0.6608,0.4913,0.1696,0.6608,1.0,0.0,0.6164,0.6164,0.6164,0.6164,1.0,1.0,1.0,1.0,1.0,1.0,1.0,1.0,1.0,1.0,1.0,1.0,1.0,1.0,1.0,1.0,1.0,1.0,1.0,1.0,1.0,1.0,1.0,1.0,1.0,1.0,1.0,1.0,1.0,1.0,1.0,1.0,1.0,1.0,1.0,1.0,1.0,1.0,1.0,1.0,1.0,1.0,1.0,1.0,1.0,1.0,1.0,1.0,1.0,1.0,1.0,1.0,1.0,1.0,1.0,1.0,1.0,1.0,1.0,1.0,1.0,1.0,1.0,1.0,1.0,1.0,1.0,1.0,1.0,1.0,1.0,1.0,1.0,1.0,1.0,1.0,1.0,1.0,1.0,1.0,1.0,1.0,1.0,1.0,1.0,1.0,1.0,1.0,1.0,1.0,1.0,1.0,1.0,1.0,1.0,1.0,1.0,1.0,1.0,1.0,1.0,1.0,1.0,1.0,1.0,1.0,1.0,1.0,1.0,1.0,1.0,1.0,1.0,1.0,1.0,1.0,1.0,1.0,1.0,1.0,1.0,0.0,1.0,1.0,0.0,0.0,1.0,1.0,1.0,1.0,1.0,1.0,1.0,1.0,1.0,0.7227,0.4852,0.1696,0.1696,1.0,1.0
2,0.0,0.0,0.0,0.0,0.0,0.6992,0.4852,0.0,0.0,0.0,0.6992,0.5531,0.4852,0.1696,0.0,0.6992,0.5531,0.5531,0.4852,0.3392,0.6992,0.5531,0.5531,0.5531,0.4852,0.6992,0.4852,0.0,0.0,0.0,0.6992,0.5531,0.4852,0.1696,0.0,0.6992,0.5531,0.5531,0.4852,0.3392,0.6992,0.5531,0.5531,0.5531,0.4852,0.6992,0.5531,0.5531,0.5531,0.5531,0.6992,0.5531,0.4852,0.1696,0.0,0.6992,0.5531,0.5531,0.4852,0.3392,0.6992,0.5531,0.5531,0.5531,0.4852,0.6992,0.5531,0.5531,0.5531,0.5531,0.6992,0.5531,0.5531,0.5531,0.5531,0.6992,0.5531,0.5531,0.4852,0.214,0.6992,0.5531,0.5531,0.5531,0.4852,0.6992,0.5531,0.5531,0.5531,0.5531,0.6992,0.5531,0.5531,0.5531,0.5531,0.6992,0.6844,0.5531,0.5531,0.5531,0.6992,0.5531,0.5531,0.5531,0.4852,0.6992,0.5531,0.5531,0.5531,0.5531,0.6992,0.5531,0.5531,0.5531,0.5531,0.6992,0.6844,0.5531,0.5531,0.5531,0.6992,0.6844,0.5531,0.5531,0.5531,0.6992,0.3392,0.6399,0.4852,0.0,0.0,0.6992,0.6992,0.6399,0.6992,0.6992,0.6992,0.6992,0.6992,0.6992,0.6992,0.6992,0.5531,0.5531,0.6992,0.5531,0.0,0.0,0.0,0.0,0.0,0.6992,0.6844,0.5087,0.3452,0.1461,0.6992,0.6992,0.6844,0.6844,0.5087,0.6992,0.6992,0.6844,0.6844,0.6844,0.6992,0.6992,0.6992,0.6844,0.6844,0.6992,0.6844,0.5087,0.3452,0.1461,0.6992,0.6992,0.6844,0.6844,0.5087,0.6992,0.6992,0.6844,0.6844,0.6844,0.6992,0.6992,0.6992,0.6844,0.6844,0.6992,0.6992,0.6992,0.6992,0.6844,0.6992,0.6992,0.6844,0.5531,0.5087,0.6992,0.6992,0.6992,0.6844,0.6844,0.6992,0.6992,0.6992,0.6844,0.6844,0.6992,0.6992,0.6992,0.6992,0.6844,0.6992,0.6992,0.6992,0.6992,0.6844,0.6992,0.6992,0.6992,0.6844,0.6844,0.6992,0.6992,0.6992,0.6844,0.6844,0.6992,0.6992,0.6992,0.6992,0.6844,0.6992,0.6992,0.6992,0.6992,0.6844,0.6992,0.6992,0.6992,0.6992,0.6992,0.6992,0.6992,0.6992,0.6844,0.6844,0.6992,0.6992,0.6992,0.6992,0.6844,0.6992,0.6992,0.6992,0.6992,0.6992,0.6992,0.6992,0.6992,0.6992,0.6992,0.6992,0.6992,0.6992,0.6992,0.6992,0.6992,0.4048,0.5087,0.5087,0.073,0.073,0.6992,0.6992,0.5087,0.6992,0.6992,0.6992,0.6992,0.6992,0.6844,0.6844,0.5531,0.5531,0.5531,0.6992,0.6992
3,0.0,0.0,0.0,0.0,0.0,0.363,0.0,0.0,0.0,0.0,0.363,0.363,0.0,0.0,0.0,0.363,0.363,0.363,0.0,0.0,0.363,0.363,0.363,0.363,0.0,0.363,0.0,0.0,0.0,0.0,0.363,0.363,0.0,0.0,0.0,0.363,0.363,0.363,0.0,0.0,0.363,0.363,0.363,0.363,0.0,0.363,0.363,0.363,0.363,0.363,0.363,0.363,0.0,0.0,0.0,0.363,0.363,0.363,0.0,0.0,0.363,0.363,0.363,0.363,0.0,0.363,0.363,0.363,0.363,0.363,0.363,0.363,0.363,0.363,0.363,0.363,0.363,0.363,0.0,0.0,0.363,0.363,0.363,0.363,0.0,0.363,0.363,0.363,0.363,0.229,0.363,0.363,0.363,0.363,0.363,0.363,0.363,0.363,0.363,0.363,0.363,0.363,0.363,0.229,0.0,0.363,0.363,0.363,0.363,0.229,0.363,0.363,0.363,0.363,0.363,0.363,0.363,0.363,0.363,0.363,0.363,0.363,0.363,0.363,0.363,0.363,0.0,0.1815,0.1815,0.0,0.0,0.363,0.363,0.1815,0.363,0.363,0.363,0.363,0.363,0.363,0.363,0.363,0.363,0.363,0.363,0.363,0.0,0.0,0.0,0.0,0.0,0.5258,0.5258,0.3219,0.0,0.0,0.5258,0.5258,0.5258,0.5258,0.3219,0.5258,0.5258,0.5258,0.5258,0.5258,0.5258,0.5258,0.5258,0.5258,0.5258,0.5258,0.5258,0.1563,0.0,0.0,0.5258,0.5258,0.5258,0.5258,0.3219,0.5258,0.5258,0.5258,0.5258,0.5258,0.5258,0.5258,0.5258,0.5258,0.5258,0.5258,0.5258,0.5258,0.5258,0.5258,0.5258,0.5258,0.5258,0.5258,0.1563,0.5258,0.5258,0.5258,0.5258,0.5258,0.5258,0.5258,0.5258,0.5258,0.5258,0.5258,0.5258,0.5258,0.5258,0.5258,0.5258,0.5258,0.5258,0.5258,0.5258,0.5258,0.5258,0.5258,0.5258,0.5258,0.5258,0.5258,0.5258,0.5258,0.5258,0.5258,0.5258,0.5258,0.5258,0.5258,0.5258,0.5258,0.5258,0.5258,0.5258,0.5258,0.5258,0.5258,0.5258,0.5258,0.5258,0.5258,0.5258,0.5258,0.5258,0.5258,0.5258,0.5258,0.5258,0.5258,0.5258,0.5258,0.5258,0.5258,0.5258,0.5258,0.5258,0.5258,0.5258,0.5258,0.5258,0.5258,0.5258,0.5258,0.5258,0.5258,0.0,0.5509,0.5509,0.0,0.0,0.5258,0.5258,0.5509,0.5258,0.5258,0.5258,0.5258,0.5258,0.5258,0.5258,0.5258,0.5258,0.5258,0.5258,0.5258
4,0.0,0.0,0.0,0.0,0.0,0.214,0.3452,0.3452,0.1461,0.0,0.214,0.3156,0.3452,0.3601,0.3452,0.214,0.3008,0.3452,0.3452,0.3601,0.214,0.2773,0.3156,0.3452,0.3452,0.3008,0.1312,0.0,0.0,0.0,0.5296,0.5296,0.3601,0.3452,0.1696,0.3452,0.4913,0.4913,0.3836,0.3601,0.3452,0.3601,0.4913,0.3601,0.3836,0.3452,0.3008,0.4913,0.4913,0.3601,0.3008,0.1461,0.1312,0.0,0.0,0.5296,0.5296,0.4913,0.3601,0.3008,0.5296,0.5148,0.5296,0.3601,0.3601,0.3601,0.3601,0.4913,0.4913,0.3836,0.3452,0.3601,0.4913,0.4913,0.4913,0.3008,0.1461,0.1461,0.1312,0.0,0.5296,0.5148,0.4913,0.3601,0.3452,0.5296,0.5148,0.5296,0.4913,0.3601,0.5296,0.3836,0.5148,0.5296,0.5148,0.3836,0.3601,0.4913,0.4913,0.5148,0.3008,0.1461,0.1461,0.1312,0.1312,0.5296,0.5148,0.4913,0.3601,0.3452,0.5296,0.5148,0.5296,0.4913,0.4913,0.5296,0.3836,0.5148,0.5296,0.4913,0.5296,0.3836,0.5148,0.5148,0.5296,0.214,0.0,0.1312,0.214,0.0,0.0,0.214,0.214,0.1312,0.3452,0.3836,0.3836,0.3836,0.3156,0.3452,0.3008,0.3008,0.3008,0.3008,0.3836,0.3008,0.0,0.0,0.0,0.0,0.0,1.0,0.8688,0.8688,0.8688,0.8688,1.0,0.8688,0.8688,0.8688,0.8688,1.0,1.0,0.8688,0.8688,0.8688,1.0,1.0,0.8688,0.8688,0.8688,1.0,0.8688,0.8688,0.8688,0.6844,1.0,0.8688,0.8688,0.8688,0.8688,1.0,1.0,0.8688,0.8688,0.8688,1.0,1.0,0.8688,0.8688,0.8688,1.0,1.0,1.0,0.8688,0.8688,1.0,0.8688,0.8688,0.8688,0.8688,1.0,1.0,0.8688,0.8688,0.8688,1.0,1.0,0.8688,0.8688,0.8688,1.0,1.0,0.8688,0.8688,0.8688,1.0,1.0,1.0,0.8688,0.8688,1.0,0.8688,0.8688,0.8688,0.8688,1.0,1.0,0.8688,0.8688,0.8688,1.0,1.0,0.8688,0.8688,0.8688,1.0,1.0,1.0,0.8688,0.8688,1.0,1.0,1.0,0.8688,0.8688,1.0,0.8688,0.8688,0.8688,0.8688,1.0,1.0,0.8688,0.8688,0.8688,1.0,1.0,1.0,0.8688,0.8688,1.0,1.0,1.0,0.8688,0.8688,1.0,1.0,1.0,1.0,0.8688,1.0,0.214,1.0,1.0,0.214,0.214,1.0,1.0,1.0,1.0,0.8539,0.8539,0.786,0.786,0.6608,0.576,0.43,0.287,0.2426,1.0,1.0
5,0.0,0.0,0.0,0.0,0.0,0.214,0.0,0.0,0.0,0.0,0.214,0.1312,0.0,0.0,0.0,0.214,0.1461,0.1312,0.0,0.0,0.214,0.214,0.1312,0.1312,0.0,0.0,0.0,0.0,0.0,0.0,0.214,0.0,0.0,0.0,0.0,0.214,0.1312,0.0,0.0,0.0,0.214,0.1312,0.1312,0.0,0.0,0.214,0.214,0.1312,0.1312,0.0,0.0,0.0,0.0,0.0,0.0,0.1461,0.0,0.0,0.0,0.0,0.214,0.1312,0.0,0.0,0.0,0.214,0.1312,0.1312,0.0,0.0,0.214,0.1461,0.1312,0.1312,0.0,0.0,0.0,0.0,0.0,0.0,0.0,0.0,0.0,0.0,0.0,0.1696,0.1312,0.0,0.0,0.0,0.214,0.1312,0.1312,0.0,0.0,0.214,0.1312,0.1312,0.1312,0.0,0.0,0.0,0.0,0.0,0.0,0.0,0.0,0.0,0.0,0.0,0.1461,0.1312,0.0,0.0,0.0,0.1696,0.1312,0.1312,0.0,0.0,0.214,0.1312,0.1312,0.1312,0.0,0.214,0.4852,0.5531,0.5087,0.1696,0.1696,0.214,0.214,0.5531,0.214,0.214,0.214,0.214,0.214,0.214,0.214,0.214,0.214,0.214,0.214,0.214,0.0,0.0,0.0,0.0,0.0,0.8688,0.6992,0.3156,0.0,0.0,0.8688,0.7227,0.6992,0.3836,0.3156,0.8688,0.8539,0.7227,0.6992,0.6844,0.8688,0.8688,0.7227,0.7227,0.6992,0.6992,0.0,0.0,0.0,0.0,0.8688,0.7227,0.5531,0.2773,0.0,0.8688,0.7227,0.7227,0.6844,0.3836,0.8688,0.8539,0.7227,0.6992,0.6844,0.8688,0.8539,0.7227,0.7227,0.6992,0.6992,0.3156,0.0,0.0,0.0,0.7227,0.7227,0.6844,0.3156,0.1312,0.8688,0.7227,0.7227,0.6992,0.5531,0.8688,0.8539,0.7227,0.7227,0.6992,0.8688,0.8539,0.7227,0.7227,0.7227,0.6992,0.3836,0.1312,0.0,0.0,0.7227,0.7227,0.6844,0.5531,0.3008,0.8539,0.7227,0.7227,0.6992,0.5531,0.8688,0.8539,0.7227,0.7227,0.6992,0.8688,0.8539,0.7227,0.7227,0.7227,0.6992,0.5531,0.3156,0.0,0.0,0.7227,0.7227,0.6992,0.5531,0.3836,0.7227,0.7227,0.7227,0.7227,0.6844,0.8688,0.7227,0.7227,0.7227,0.6992,0.8688,0.8539,0.7227,0.7227,0.7227,0.8688,0.5531,0.7227,0.7227,0.0,0.0,0.8688,0.8688,0.7227,0.8688,0.8688,0.8688,0.8688,0.8688,0.8539,0.8539,0.7227,0.5296,0.5296,0.8688,0.8688
6,0.0,0.0656,0.0656,0.0656,0.0656,0.287,0.18,0.107,0.107,0.107,0.287,0.1918,0.18,0.1726,0.107,0.287,0.3496,0.1918,0.18,0.1726,0.287,0.3422,0.1918,0.1918,0.18,0.3422,0.107,0.107,0.107,0.107,0.3526,0.1918,0.1726,0.107,0.107,0.287,0.323,0.1918,0.18,0.107,0.287,0.3496,0.1918,0.1918,0.18,0.287,0.3422,0.1918,0.1918,0.18,0.3422,0.18,0.107,0.107,0.107,0.3644,0.1918,0.1918,0.107,0.107,0.3526,0.3379,0.1918,0.1918,0.1726,0.287,0.3496,0.1918,0.1918,0.18,0.287,0.3422,0.323,0.1918,0.1918,0.3422,0.1918,0.1726,0.107,0.107,0.3422,0.1918,0.1918,0.18,0.107,0.3526,0.3379,0.1918,0.1918,0.18,0.3526,0.3496,0.1918,0.1918,0.1918,0.287,0.3422,0.3379,0.1918,0.1918,0.3422,0.1918,0.18,0.107,0.107,0.3422,0.1918,0.1918,0.1918,0.1726,0.3644,0.3379,0.1918,0.1918,0.1918,0.3526,0.3496,0.1918,0.1918,0.1918,0.3526,0.3422,0.3379,0.1918,0.1918,0.287,0.0,0.4852,0.424,0.0,0.0,0.287,0.287,0.4852,0.287,0.287,0.2796,0.2352,0.1696,0.1461,0.0,0.0,0.0,0.0,0.287,0.3422,0.0,0.0656,0.0656,0.0656,0.0656,1.0,0.6992,0.107,0.107,0.107,1.0,0.8688,0.6992,0.2531,0.107,1.0,0.8688,0.8688,0.6992,0.5552,1.0,0.8688,0.8688,0.8539,0.6992,0.8688,0.107,0.107,0.107,0.107,0.8688,0.8688,0.43,0.107,0.107,1.0,0.8688,0.8688,0.5552,0.2382,1.0,0.8688,0.8688,0.8539,0.6262,1.0,0.8688,0.8688,0.8688,0.8539,0.8688,0.43,0.107,0.107,0.107,0.8688,0.8688,0.5818,0.2531,0.107,0.8688,0.8688,0.8688,0.6262,0.43,1.0,0.8688,0.8688,0.8688,0.6262,1.0,0.8688,0.8688,0.8688,0.8688,0.8688,0.6399,0.2988,0.107,0.107,0.8688,0.8688,0.6399,0.43,0.2531,0.8688,0.8688,0.8688,0.6992,0.5552,0.8688,0.8688,0.8688,0.8688,0.6992,1.0,0.8688,0.8688,0.8688,0.8688,0.8688,0.6399,0.43,0.2531,0.107,0.8688,0.8688,0.6992,0.5818,0.2988,0.8688,0.8688,0.8688,0.6992,0.5818,0.8688,0.8688,0.8688,0.8688,0.7227,0.8688,0.8688,0.8688,0.8688,0.8688,1.0,0.1461,0.8688,0.8688,0.0,0.0,1.0,1.0,0.8688,1.0,0.8688,0.6844,0.3601,0.1696,0.1696,0.0,0.0,0.0,0.0,1.0,1.0
7,0.0,0.0,0.0,0.0,0.0,0.3452,0.214,0.0,0.0,0.0,0.3452,0.5087,0.214,0.1461,0.0,0.3452,0.5087,0.3601,0.214,0.1461,0.3452,0.3601,0.5087,0.3601,0.214,0.3452,0.1312,0.0,0.0,0.0,0.3452,0.5087,0.214,0.1312,0.0,0.3452,0.3601,0.3601,0.214,0.1312,0.3452,0.3601,0.5087,0.3601,0.214,0.3452,0.3601,0.5087,0.4852,0.3601,0.3452,0.4852,0.1312,0.0,0.0,0.3452,0.3601,0.3601,0.1696,0.1312,0.3452,0.3601,0.5087,0.3601,0.214,0.3452,0.3601,0.5087,0.4852,0.3452,0.3452,0.3601,0.3601,0.5087,0.3601,0.3452,0.3601,0.3452,0.1312,0.0,0.3452,0.3601,0.5087,0.3452,0.1696,0.3452,0.3601,0.5087,0.4852,0.3452,0.3452,0.3601,0.3601,0.5087,0.3601,0.3452,0.3601,0.3601,0.5087,0.4852,0.3452,0.3452,0.4852,0.1696,0.1312,0.3452,0.3452,0.5087,0.3601,0.3452,0.3452,0.3452,0.3601,0.5087,0.3601,0.3452,0.3452,0.3601,0.5087,0.4852,0.3452,0.3452,0.3601,0.5087,0.5087,0.3452,0.0,0.1696,0.1312,0.0,0.0,0.3452,0.3452,0.1696,0.3452,0.3452,0.214,0.214,0.214,0.1696,0.1461,0.1461,0.1461,0.1461,0.3452,0.3601,0.0,0.0,0.0,0.0,0.0,0.8688,0.786,0.786,0.6608,0.4469,0.8688,0.8688,0.786,0.786,0.786,0.8688,0.8688,0.8539,0.786,0.786,0.8688,0.8688,0.8688,0.8304,0.786,0.6992,0.786,0.6608,0.4913,0.1461,0.8539,0.8539,0.786,0.786,0.6608,0.8539,0.8539,0.786,0.786,0.786,0.8539,0.8688,0.8539,0.786,0.786,0.8539,0.8688,0.8539,0.8539,0.786,0.6992,0.786,0.786,0.6608,0.6608,0.8539,0.7227,0.786,0.786,0.786,0.8539,0.7227,0.8539,0.786,0.786,0.8539,0.7227,0.8539,0.8304,0.786,0.8539,0.8539,0.8539,0.8539,0.786,0.6992,0.6992,0.786,0.786,0.6608,0.8539,0.7227,0.786,0.786,0.786,0.8539,0.7227,0.7227,0.786,0.786,0.8539,0.8539,0.7227,0.8539,0.786,0.8539,0.8539,0.7227,0.8539,0.8304,0.6992,0.6992,0.786,0.786,0.786,0.8539,0.7227,0.8304,0.786,0.786,0.8539,0.8539,0.7227,0.8304,0.786,0.8539,0.8539,0.7227,0.7227,0.786,0.8539,0.8539,0.7227,0.7227,0.8539,0.8688,0.1461,0.8304,0.6608,0.1461,0.1461,0.8688,0.8688,0.8304,0.786,0.5296,0.5148,0.4913,0.3452,0.3452,0.3452,0.3008,0.3008,0.1461,0.786,0.8539
8,0.0,0.0,0.0,0.0,0.0,0.0,0.0,0.0,0.0,0.0,0.0,0.0,0.0,0.0,0.0,0.0,0.0,0.0,0.0,0.0,0.0,0.0,0.0,0.0,0.0,0.0,0.0,0.0,0.0,0.0,0.0,0.0,0.0,0.0,0.0,0.0,0.0,0.0,0.0,0.0,0.0,0.0,0.0,0.0,0.0,0.0,0.0,0.0,0.0,0.0,0.0,0.0,0.0,0.0,0.0,0.0,0.0,0.0,0.0,0.0,0.0,0.0,0.0,0.0,0.0,0.0,0.0,0.0,0.0,0.0,0.0,0.0,0.0,0.0,0.0,0.0,0.0,0.0,0.0,0.0,0.0,0.0,0.0,0.0,0.0,0.0,0.0,0.0,0.0,0.0,0.0,0.0,0.0,0.0,0.0,0.0,0.0,0.0,0.0,0.0,0.0,0.0,0.0,0.0,0.0,0.0,0.0,0.0,0.0,0.0,0.0,0.0,0.0,0.0,0.0,0.0,0.0,0.0,0.0,0.0,0.0,0.0,0.0,0.0,0.0,0.0,0.1461,0.0,0.0,0.1461,0.1461,0.0,0.0,0.0,0.0,0.0,0.0,0.0,0.0,0.0,0.0,0.0,0.0,0.0,0.0,0.0,0.0,0.0,0.0,0.0,0.0,0.8688,0.8688,0.8688,0.8688,0.8539,0.8688,1.0,0.8688,0.8688,0.8688,0.8688,0.8688,1.0,0.8688,0.8688,0.8688,0.8688,1.0,0.8688,0.8688,0.8688,0.8688,0.8539,0.8304,0.6992,0.8688,0.8688,0.8688,0.8688,0.8688,1.0,0.8688,0.8688,0.8688,0.8688,1.0,1.0,0.8688,0.8688,0.8688,1.0,1.0,0.8688,0.8688,0.8688,0.8688,0.8688,0.8688,0.8688,0.8539,0.8688,0.8688,0.8688,0.8688,0.8688,0.8688,0.8688,0.8688,0.8688,0.8688,1.0,0.8688,0.8688,0.8688,0.8688,1.0,0.8688,0.8688,0.8688,0.8688,0.8688,0.8688,0.8688,0.8688,0.8688,0.8688,0.8688,0.8688,0.8688,0.8688,0.8688,0.8688,0.8688,0.8688,0.8688,0.8688,0.8688,0.8688,0.8688,0.8688,0.8688,0.8688,0.8688,0.8688,0.8688,0.8688,0.8688,0.8688,0.8688,0.8688,0.8688,0.8688,0.8688,0.8688,0.8688,0.8688,0.8688,0.8688,0.8688,0.8688,0.8688,0.8688,0.8688,0.8688,0.8688,0.8688,0.8688,0.8688,0.8688,0.8688,0.8688,0.0,0.8688,0.7227,0.0,0.0,0.8688,0.8688,0.8688,0.7227,0.0,0.0,0.0,0.0,0.0,0.0,0.0,0.0,0.0,0.7227,1.0
9,0.0,0.0,0.0,0.0,0.0,0.3836,0.1461,0.0,0.0,0.0,0.3836,0.3008,0.1461,0.0,0.0,0.3836,0.4469,0.1696,0.1461,0.0,0.3836,0.4469,0.3008,0.1461,0.1461,0.1461,0.0,0.0,0.0,0.0,0.3836,0.1461,0.0,0.0,0.0,0.3836,0.2773,0.1461,0.0,0.0,0.3836,0.4469,0.1461,0.1461,0.0,0.3836,0.4469,0.3008,0.1461,0.1461,0.1461,0.0,0.0,0.0,0.0,0.3601,0.1461,0.0,0.0,0.0,0.3836,0.2773,0.1461,0.1312,0.0,0.3836,0.3008,0.1461,0.1461,0.1312,0.3836,0.3156,0.2773,0.1461,0.1461,0.1461,0.0,0.0,0.0,0.0,0.3156,0.1461,0.1312,0.0,0.0,0.3601,0.2773,0.1461,0.1312,0.0,0.3836,0.2773,0.2773,0.1461,0.1312,0.3836,0.3008,0.2773,0.1461,0.1461,0.1461,0.0,0.0,0.0,0.0,0.3008,0.1461,0.1312,0.0,0.0,0.3601,0.2773,0.1461,0.1312,0.0,0.3601,0.2773,0.2773,0.1461,0.1461,0.3836,0.3008,0.2773,0.1461,0.1461,0.3836,0.1461,0.214,0.3392,0.1461,0.1461,0.3836,0.3836,0.214,0.5087,0.5087,0.5087,0.4852,0.4852,0.4852,0.3392,0.3392,0.3392,0.3392,0.5087,0.4469,0.0,0.1312,0.1312,0.1312,0.1312,1.0,0.8539,0.6992,0.6992,0.6992,1.0,0.8688,0.8539,0.8304,0.6992,1.0,1.0,0.8539,0.8539,0.8304,1.0,1.0,0.8688,0.8539,0.8539,1.0,0.8304,0.6992,0.6992,0.6992,1.0,0.8539,0.8539,0.8304,0.6992,1.0,1.0,0.8539,0.8539,0.8304,1.0,1.0,0.8688,0.8539,0.8539,1.0,1.0,1.0,0.8539,0.8539,1.0,0.8539,0.8304,0.6992,0.6992,1.0,0.8688,0.8539,0.8539,0.8304,1.0,1.0,0.8539,0.8539,0.8539,1.0,1.0,0.8688,0.8539,0.8539,1.0,1.0,1.0,0.8688,0.8539,1.0,0.8688,0.8539,0.8304,0.8304,1.0,1.0,0.8539,0.8539,0.8539,1.0,1.0,0.8688,0.8539,0.8539,1.0,1.0,0.8688,0.8539,0.8539,1.0,1.0,1.0,0.8688,0.8539,1.0,0.8688,0.8539,0.8539,0.8304,1.0,1.0,0.8539,0.8539,0.8539,1.0,1.0,0.8688,0.8539,0.8539,1.0,1.0,1.0,0.8688,0.8539,1.0,1.0,1.0,0.8688,0.8539,1.0,0.1312,1.0,1.0,0.1312,0.1312,1.0,1.0,1.0,1.0,1.0,1.0,0.8688,0.8304,0.6844,0.6399,0.5087,0.5087,0.4852,1.0,1.0
10,0.0,0.0,0.0,0.0,0.0,0.1696,0.1461,0.3008,0.3452,0.1696,0.1696,0.0,0.1461,0.1696,0.3008,0.1696,0.0,0.1312,0.1461,0.1696,0.1696,0.0,0.0,0.1312,0.1461,0.3392,0.4852,0.4852,0.3392,0.3392,0.1312,0.3008,0.3452,0.5087,0.4852,0.1461,0.0,0.1461,0.3008,0.3601,0.1461,0.0,0.0,0.1312,0.2773,0.1461,0.0,0.0,0.1312,0.1312,0.3392,0.4048,0.4852,0.5087,0.4852,0.1461,0.1696,0.3452,0.4704,0.4852,0.1312,0.1461,0.3008,0.3008,0.3452,0.1312,0.0,0.1461,0.1461,0.3008,0.1461,0.0,0.0,0.1461,0.1461,0.3392,0.4048,0.4704,0.4852,0.5087,0.1696,0.214,0.3452,0.4704,0.4852,0.1312,0.1696,0.3008,0.3452,0.3452,0.1312,0.1461,0.1461,0.3008,0.3008,0.1312,0.0,0.1461,0.1461,0.2773,0.3392,0.4048,0.4048,0.4704,0.4852,0.1696,0.214,0.4704,0.4704,0.4704,0.1461,0.1696,0.1696,0.3452,0.3452,0.1312,0.1461,0.1696,0.3008,0.3008,0.1312,0.1312,0.1461,0.1461,0.3008,0.1696,0.0,0.214,0.1312,0.0,0.0,0.1696,0.1696,0.214,0.1461,0.1461,0.1461,0.1696,0.0,0.0,0.0,0.0,0.0,0.0,0.1461,0.0,0.0,0.0,0.0,0.0,0.0,1.0,0.7227,0.7227,0.7227,0.7227,1.0,0.8539,0.7227,0.7227,0.7227,1.0,0.8688,0.7227,0.7227,0.7227,1.0,0.8688,0.8539,0.7227,0.7227,0.8688,0.7227,0.7227,0.7227,0.7227,1.0,0.7227,0.7227,0.7227,0.7227,1.0,0.8688,0.7227,0.7227,0.7227,1.0,0.8688,0.7227,0.7227,0.7227,1.0,0.8688,0.8539,0.7227,0.7227,0.8688,0.7227,0.7227,0.7227,0.7227,1.0,0.8539,0.7227,0.7227,0.7227,1.0,0.8688,0.7227,0.7227,0.7227,1.0,0.8688,0.8539,0.7227,0.7227,1.0,0.8688,0.8688,0.7227,0.7227,0.8688,0.7227,0.7227,0.7227,0.7227,1.0,0.8539,0.7227,0.7227,0.7227,1.0,0.8688,0.7227,0.7227,0.7227,1.0,0.8688,0.8539,0.7227,0.7227,1.0,0.8688,0.8688,0.8539,0.7227,0.8688,0.8539,0.7227,0.7227,0.7227,1.0,0.8688,0.7227,0.7227,0.7227,1.0,0.8688,0.8539,0.7227,0.7227,1.0,0.8688,0.8539,0.7227,0.7227,1.0,0.8688,0.8688,0.8539,0.7227,1.0,0.0,0.8304,0.7227,0.0,0.0,1.0,1.0,0.8304,0.8688,0.6548,0.5087,0.3392,0.214,0.1696,0.1461,0.1312,0.1312,0.1312,0.8688,1.0
11,0.0,0.4852,0.4852,0.4852,0.4852,0.8688,0.8688,0.8688,0.7227,0.7227,0.8688,1.0,0.8688,0.8688,0.8688,0.8688,1.0,0.8688,0.8688,0.8688,0.8688,1.0,1.0,0.8688,0.8688,0.214,0.214,0.214,0.3392,0.3392,0.8688,0.8688,0.8539,0.7227,0.7227,0.8688,1.0,0.8688,0.8688,0.8688,0.8688,1.0,0.8688,0.8688,0.8688,0.8688,1.0,1.0,0.8688,0.8688,0.214,0.214,0.214,0.214,0.214,0.8688,0.8688,0.8539,0.8539,0.7227,0.8688,1.0,0.8688,0.8688,0.8539,0.8688,1.0,0.8688,0.8688,0.8688,0.8688,1.0,1.0,0.8688,0.8688,0.214,0.214,0.214,0.214,0.214,0.8688,0.8304,0.6992,0.6992,0.6992,0.8688,0.8688,0.8688,0.8688,0.8539,0.8688,1.0,0.8688,0.8688,0.8688,0.8688,1.0,1.0,0.8688,0.8688,0.214,0.214,0.214,0.214,0.214,0.8688,0.6844,0.6844,0.6844,0.6844,0.8688,0.8688,0.8688,0.8539,0.8539,0.8688,1.0,0.8688,0.8688,0.8688,0.8688,1.0,1.0,0.8688,0.8688,0.8688,0.0,0.8688,1.0,0.0,0.0,0.8688,0.8688,0.8688,0.8688,0.8688,0.8688,0.8688,0.8688,0.8688,0.8688,0.8688,0.8688,0.8688,0.8688,1.0,0.0,0.4852,0.4852,0.4852,0.4852,1.0,0.8688,0.8688,0.8688,0.8688,1.0,0.8688,0.8688,0.8688,0.8688,1.0,1.0,0.8688,0.8688,0.8688,1.0,1.0,0.8688,0.8688,0.8688,1.0,0.8688,0.8688,0.8539,0.7227,1.0,0.8688,0.8688,0.8688,0.8688,1.0,1.0,0.8688,0.8688,0.8688,1.0,1.0,0.8688,0.8688,0.8688,1.0,1.0,1.0,0.8688,0.8688,1.0,0.8688,0.8688,0.8688,0.8688,1.0,1.0,0.8688,0.8688,0.8688,1.0,1.0,0.8688,0.8688,0.8688,1.0,1.0,0.8688,0.8688,0.8688,1.0,1.0,1.0,0.8688,0.8688,1.0,0.8688,0.8688,0.8688,0.8688,1.0,1.0,0.8688,0.8688,0.8688,1.0,1.0,0.8688,0.8688,0.8688,1.0,1.0,1.0,0.8688,0.8688,1.0,1.0,1.0,0.8688,0.8688,1.0,0.8688,0.8688,0.8688,0.8688,1.0,1.0,0.8688,0.8688,0.8688,1.0,1.0,1.0,0.8688,0.8688,1.0,1.0,1.0,0.8688,0.8688,1.0,1.0,1.0,1.0,0.8688,1.0,0.0,0.9344,0.9344,0.0,0.0,1.0,1.0,0.9344,1.0,1.0,1.0,1.0,1.0,1.0,1.0,1.0,1.0,1.0,1.0,1.0
12,0.0,0.107,0.107,0.107,0.107,0.0,0.1696,0.1696,0.1696,0.1696,0.0,0.1696,0.1696,0.1696,0.1696,0.0,0.1696,0.1696,0.1696,0.1696,0.0,0.1696,0.1696,0.1696,0.1696,0.073,0.1696,0.1696,0.1696,0.1696,0.073,0.1696,0.1696,0.1696,0.1696,0.0656,0.1696,0.1696,0.1696,0.1696,0.0656,0.1696,0.1696,0.1696,0.1696,0.0656,0.1696,0.1696,0.1696,0.1696,0.073,0.1696,0.1696,0.1696,0.1696,0.073,0.1696,0.1696,0.1696,0.1696,0.073,0.1696,0.1696,0.1696,0.1696,0.0656,0.1696,0.1696,0.1696,0.1696,0.0656,0.107,0.1696,0.1696,0.1696,0.073,0.1696,0.1696,0.1696,0.1696,0.073,0.1696,0.1696,0.1696,0.1696,0.073,0.1696,0.1696,0.1696,0.1696,0.073,0.1696,0.1696,0.1696,0.1696,0.0656,0.0848,0.1696,0.1696,0.1696,0.073,0.1696,0.1696,0.1696,0.1696,0.073,0.1696,0.1696,0.1696,0.1696,0.073,0.1696,0.1696,0.1696,0.1696,0.073,0.1696,0.1696,0.1696,0.1696,0.073,0.0848,0.1696,0.1696,0.1696,0.0,0.0,0.0,0.0,0.0,0.0,0.0,0.0,0.0,0.0656,0.0656,0.0,0.0,0.0,0.0,0.0,0.0,0.0,0.0,0.0656,0.1696,0.0,0.0,0.0,0.0,0.0,0.0656,0.1696,0.1696,0.1696,0.1696,0.0656,0.0,0.1696,0.1696,0.1696,0.0656,0.0,0.073,0.1696,0.1696,0.0656,0.0,0.0,0.073,0.1696,0.0,0.0848,0.0848,0.0848,0.0848,0.0656,0.073,0.1696,0.1696,0.1696,0.0656,0.0,0.107,0.1696,0.1696,0.0656,0.0,0.0,0.1696,0.1696,0.0656,0.0,0.0,0.073,0.1696,0.0,0.0848,0.0848,0.0848,0.0848,0.0656,0.0,0.107,0.107,0.107,0.0656,0.0,0.073,0.1696,0.1696,0.0656,0.0,0.0,0.0848,0.1696,0.0656,0.0,0.0,0.0656,0.107,0.0,0.0656,0.0848,0.0848,0.0848,0.0656,0.0,0.0848,0.107,0.107,0.0,0.0,0.0,0.107,0.107,0.0656,0.0,0.0,0.073,0.1696,0.0656,0.0,0.0,0.0,0.0848,0.0,0.0,0.0848,0.0848,0.0848,0.0,0.0,0.073,0.107,0.107,0.0656,0.0,0.0,0.073,0.107,0.0656,0.0,0.0,0.0,0.0848,0.0656,0.0,0.0,0.0,0.073,0.0656,0.0,0.1386,0.073,0.0,0.0,0.0656,0.0656,0.1386,0.0656,0.0,0.0,0.0,0.0,0.0,0.0,0.0,0.0,0.0,0.0656,0.0656
13,0.0,0.1696,0.1696,0.1696,0.1696,0.214,0.5531,0.5087,0.4852,0.4704,0.214,0.5531,0.5531,0.5531,0.5087,0.214,0.6844,0.5531,0.5531,0.5531,0.214,0.3836,0.5531,0.5531,0.5531,0.1696,0.1696,0.1696,0.1696,0.1696,0.6844,0.5087,0.4852,0.4852,0.4852,0.4704,0.5531,0.5087,0.5087,0.5087,0.3392,0.6844,0.5531,0.5531,0.5087,0.3392,0.6992,0.5531,0.5531,0.5531,0.1696,0.1696,0.1696,0.1696,0.1696,0.5087,0.4852,0.4852,0.4704,0.4704,0.6844,0.5087,0.5087,0.5087,0.4852,0.5531,0.6844,0.5087,0.5087,0.5087,0.4704,0.6844,0.5531,0.5531,0.5087,0.1696,0.1696,0.1696,0.1696,0.1696,0.4852,0.4852,0.4704,0.4704,0.4704,0.6399,0.5087,0.5087,0.4852,0.4852,0.6844,0.5087,0.5087,0.5087,0.5087,0.6992,0.6844,0.5087,0.5087,0.5087,0.1696,0.1696,0.1696,0.1696,0.1696,0.4704,0.4704,0.4704,0.4704,0.3392,0.5087,0.5087,0.4852,0.4852,0.4852,0.6399,0.5087,0.5087,0.5087,0.4852,0.6844,0.5087,0.5087,0.5087,0.5087,0.214,0.0,0.3392,0.214,0.0,0.0,0.214,0.214,0.3392,0.3392,0.214,0.3008,0.3156,0.3452,0.3452,0.3452,0.1696,0.1696,0.1461,0.214,0.6992,0.0,0.1696,0.1696,0.1696,0.1696,0.5878,0.4852,0.5531,0.4704,0.4704,0.5878,0.4852,0.4852,0.5531,0.5531,0.5878,0.4852,0.4704,0.4852,0.5531,0.5878,0.5087,0.4852,0.4704,0.4852,0.3392,0.3392,0.3392,0.3392,0.3392,0.5952,0.6844,0.5531,0.4704,0.3392,0.5878,0.4852,0.5531,0.5531,0.5531,0.5878,0.4852,0.4852,0.5087,0.5531,0.5878,0.4492,0.4852,0.4704,0.5087,0.3392,0.3392,0.3392,0.3392,0.3392,0.6608,0.5531,0.5087,0.4704,0.3392,0.5952,0.6164,0.6844,0.5531,0.5531,0.5952,0.4852,0.6164,0.5531,0.5531,0.5878,0.4492,0.4852,0.6164,0.5531,0.3392,0.3392,0.3392,0.3392,0.3392,0.6608,0.5531,0.4852,0.4704,0.4704,0.5952,0.6399,0.5531,0.5531,0.5531,0.5952,0.5148,0.6399,0.6844,0.5531,0.5952,0.5148,0.6164,0.6399,0.5531,0.3392,0.3392,0.3392,0.3392,0.3392,0.5148,0.5531,0.4852,0.4704,0.4704,0.6608,0.6399,0.5531,0.5531,0.5087,0.5952,0.5296,0.6399,0.5531,0.5531,0.5952,0.5148,0.6164,0.6844,0.6844,0.5878,0.0,0.6157,0.6157,0.0,0.0,0.5878,0.5878,0.6157,0.5878,0.5878,0.4469,0.3156,0.4913,0.214,0.1696,0.1696,0.1696,0.1461,0.5878,0.5878
14,0.0,0.3836,0.3836,0.3836,0.3836,0.5309,0.4462,0.4462,0.4462,0.4462,0.5309,0.6504,0.4462,0.4462,0.4462,0.5309,0.6621,0.4462,0.4462,0.4462,0.5309,0.6621,0.6504,0.4462,0.4462,0.4684,0.3836,0.3836,0.3836,0.3836,0.5309,0.6504,0.4462,0.4462,0.4462,0.5309,0.6621,0.4462,0.4462,0.4462,0.5309,0.6621,0.6504,0.4462,0.4462,0.5309,0.6621,0.6621,0.4462,0.4462,0.4684,0.5296,0.3836,0.3836,0.3836,0.5309,0.6621,0.4462,0.4462,0.4462,0.5309,0.6621,0.6504,0.4462,0.4462,0.5309,0.6621,0.6621,0.4462,0.4462,0.5309,0.6621,0.6621,0.6504,0.4462,0.4684,0.5996,0.3836,0.3836,0.3836,0.5309,0.6621,0.6578,0.4462,0.4462,0.5309,0.6621,0.6504,0.4462,0.4462,0.5309,0.677,0.6621,0.6504,0.4462,0.5309,0.677,0.6621,0.6504,0.4462,0.4684,0.5996,0.5296,0.3836,0.3836,0.5309,0.6621,0.6504,0.4462,0.4462,0.5309,0.677,0.6621,0.6504,0.4462,0.5309,0.677,0.6621,0.6504,0.4462,0.5309,0.6621,0.6621,0.6621,0.6504,0.5309,0.073,0.43,0.4852,0.073,0.073,0.5309,0.5309,0.43,0.5309,0.5309,0.5309,0.5309,0.5309,0.5309,0.5309,0.5118,0.4122,0.4122,0.5309,0.6621,0.0,0.3836,0.3836,0.3836,0.3836,0.6992,0.6157,0.6157,0.6157,0.6157,0.6992,0.7469,0.6157,0.6157,0.6157,0.6992,0.6992,0.7469,0.6157,0.6157,0.6992,0.6992,0.7469,0.7618,0.6157,0.7469,0.6157,0.6157,0.6157,0.6157,0.6992,0.7469,0.6157,0.6157,0.6157,0.6992,0.7469,0.7618,0.6157,0.6157,0.6992,0.6992,0.7469,0.7618,0.6157,0.6992,0.6992,0.7469,0.7469,0.7469,0.7469,0.7618,0.6157,0.6157,0.6157,0.6992,0.7469,0.7618,0.6157,0.6157,0.6992,0.7469,0.7469,0.7469,0.6157,0.6992,0.7648,0.7469,0.7618,0.7469,0.6992,0.6992,0.7469,0.7469,0.7618,0.7469,0.7469,0.7469,0.6157,0.6157,0.6992,0.7469,0.7469,0.7469,0.6157,0.6992,0.7469,0.7469,0.7618,0.6157,0.6992,0.7574,0.7469,0.7469,0.7618,0.6992,0.6992,0.7469,0.7469,0.7469,0.7469,0.7469,0.7618,0.7469,0.6157,0.7574,0.7469,0.7469,0.7618,0.6157,0.6992,0.7469,0.7469,0.7469,0.7618,0.6992,0.7574,0.7469,0.7469,0.7618,0.6992,0.6992,0.7469,0.7469,0.7469,0.6992,0.0,0.4852,0.5531,0.0,0.0,0.6992,0.6992,0.4852,0.6992,0.6548,0.6548,0.6548,0.4852,0.6164,0.4852,0.4852,0.5087,0.3836,0.6992,0.6992
15,0.0,0.1461,0.1461,0.1461,0.1461,0.0,0.3156,0.3156,0.3156,0.3156,0.0,0.3156,0.3156,0.3156,0.3156,0.0,0.3156,0.3156,0.3156,0.3156,0.0,0.3156,0.3156,0.3156,0.3156,0.3156,0.3156,0.3156,0.3156,0.3156,0.3008,0.3156,0.3156,0.3156,0.3156,0.1461,0.3156,0.3156,0.3156,0.3156,0.1461,0.3156,0.3156,0.3156,0.3156,0.1461,0.3156,0.3156,0.3156,0.3156,0.3156,0.3156,0.3156,0.3156,0.3156,0.3156,0.3156,0.3156,0.3156,0.3156,0.3008,0.3156,0.3156,0.3156,0.3156,0.3008,0.3156,0.3156,0.3156,0.3156,0.1461,0.3156,0.3156,0.3156,0.3156,0.3156,0.3156,0.3156,0.3156,0.3156,0.3156,0.3156,0.3156,0.3156,0.3156,0.3156,0.3156,0.3156,0.3156,0.3156,0.3008,0.3156,0.3156,0.3156,0.3156,0.3008,0.3156,0.3156,0.3156,0.3156,0.3156,0.3156,0.3156,0.3156,0.3156,0.3156,0.3156,0.3156,0.3156,0.3156,0.3156,0.3156,0.3156,0.3156,0.3156,0.3008,0.3156,0.3156,0.3156,0.3156,0.3008,0.3156,0.3156,0.3156,0.3156,0.0,0.4566,0.1312,0.3836,0.4566,0.4566,0.0,0.0,0.1312,0.1461,0.1461,0.1461,0.1696,0.1696,0.1696,0.1696,0.1696,0.1696,0.1696,0.1461,0.3156,0.0,0.1461,0.1461,0.1461,0.1461,0.7958,0.5531,0.5531,0.5531,0.5531,0.7958,0.7227,0.5531,0.5531,0.5531,0.7958,0.7227,0.7227,0.5531,0.5531,0.7958,0.7227,0.7227,0.7227,0.5531,0.5531,0.5531,0.5531,0.5531,0.5531,0.7227,0.5531,0.5531,0.5531,0.5531,0.7883,0.7227,0.5531,0.5531,0.5531,0.7883,0.7227,0.7227,0.5531,0.5531,0.7958,0.7227,0.7227,0.7227,0.5531,0.5531,0.5531,0.5531,0.5531,0.5531,0.7227,0.5531,0.5531,0.5531,0.5531,0.7227,0.7227,0.5531,0.5531,0.5531,0.7227,0.7227,0.7227,0.5531,0.5531,0.7883,0.7227,0.7227,0.6844,0.5531,0.5531,0.5531,0.5531,0.5531,0.5531,0.7227,0.5531,0.5531,0.5531,0.5531,0.7227,0.7227,0.5531,0.5531,0.5531,0.7227,0.7227,0.6992,0.5531,0.5531,0.7227,0.7227,0.7227,0.5531,0.5531,0.5531,0.5531,0.5531,0.5531,0.5531,0.6992,0.5531,0.5531,0.5531,0.5531,0.7227,0.6992,0.5531,0.5531,0.5531,0.7227,0.7227,0.6844,0.5531,0.5531,0.7227,0.7227,0.7227,0.5531,0.5531,0.7958,0.0,0.8688,0.8539,0.0,0.0,0.7958,0.7958,0.8688,0.8539,0.8539,0.8539,0.8304,0.6992,0.6844,0.6399,0.6164,0.4852,0.4704,0.8539,0.7883
16,0.0,0.1696,0.1696,0.1696,0.1696,0.786,0.4852,0.3392,0.4704,0.3392,0.786,0.7227,0.4852,0.3392,0.3392,0.786,0.7227,0.6992,0.4852,0.3392,0.786,0.8539,0.7227,0.6844,0.4852,0.8539,0.214,0.214,0.3392,0.3392,0.8688,0.6992,0.4704,0.3392,0.3392,0.8688,0.8688,0.6992,0.4704,0.3392,0.8688,0.8688,0.7227,0.6992,0.4852,0.8539,0.8688,0.7227,0.7227,0.5531,0.8539,0.5296,0.214,0.214,0.214,0.8539,0.8304,0.6548,0.4852,0.3392,0.8688,0.8688,0.6992,0.6548,0.4704,0.8688,0.8688,0.7227,0.6992,0.6399,0.8688,0.8688,0.8688,0.7227,0.6992,0.8539,0.6608,0.214,0.214,0.214,0.8539,0.8304,0.5296,0.5148,0.214,0.8688,0.8539,0.8539,0.6548,0.6164,0.8688,0.8688,0.8539,0.6992,0.6548,0.8688,0.8688,0.8688,0.7227,0.6992,0.8539,0.8304,0.5296,0.214,0.214,0.8539,0.8304,0.786,0.5296,0.4913,0.8539,0.8539,0.8304,0.6548,0.6548,0.8688,0.8539,0.8539,0.7227,0.6992,0.8688,0.8688,0.8688,0.8539,0.6992,0.786,0.3392,0.8688,0.8688,0.0,0.0,0.786,0.786,0.8688,0.8688,0.8688,0.8688,0.8688,0.8688,0.8688,0.8688,0.8688,0.8688,0.8688,0.8688,0.8688,0.0,0.1696,0.1696,0.1696,0.1696,0.7618,0.5434,0.3392,0.3392,0.3392,0.7618,0.7618,0.5434,0.5531,0.3392,0.7618,0.7618,0.5922,0.5434,0.5531,0.7618,0.7618,0.7618,0.5774,0.5434,0.927,0.8539,0.3392,0.3392,0.3392,0.927,0.7958,0.6548,0.4852,0.3392,0.927,0.927,0.7958,0.6548,0.5531,0.893,0.893,0.784,0.7574,0.6548,0.893,0.893,0.893,0.7618,0.713,0.927,0.7227,0.8539,0.3392,0.3392,0.927,0.7958,0.7883,0.6992,0.6844,0.927,0.927,0.7958,0.7883,0.6548,0.927,0.927,0.7958,0.7958,0.7648,0.927,0.927,0.927,0.7958,0.7958,0.927,0.7883,0.7227,0.8539,0.4852,0.927,0.927,0.7883,0.8539,0.6992,0.927,0.927,0.7958,0.7883,0.8539,0.927,0.927,0.927,0.7958,0.7883,0.927,0.927,0.927,0.7958,0.7958,0.927,0.7958,0.7227,0.8539,0.8539,0.927,0.927,0.7883,0.7883,0.8539,0.927,0.927,0.7958,0.7883,0.7883,0.927,0.927,0.927,0.7958,0.7883,0.927,0.927,0.927,0.7958,0.7958,0.7618,0.3392,0.7234,0.7618,0.0,0.0,0.7618,0.7618,0.7234,0.893,0.893,0.9344,0.9344,0.9344,0.8688,0.8688,0.8539,0.8539,0.8304,0.893,0.893
17,0.0,0.0,0.0,0.0,0.0,0.1696,0.1312,0.0,0.0,0.0,0.1696,0.0,0.1312,0.0,0.0,0.1696,0.0,0.0,0.1312,0.0,0.1696,0.0,0.0,0.0,0.1312,0.0,0.0,0.0,0.0,0.0,0.1312,0.0,0.0,0.0,0.0,0.1696,0.0,0.0,0.0,0.0,0.1696,0.0,0.0,0.0,0.0,0.1696,0.0,0.0,0.0,0.0,0.0,0.0,0.0,0.0,0.0,0.1312,0.0,0.0,0.0,0.0,0.1312,0.0,0.0,0.1312,0.0,0.1696,0.0,0.0,0.0,0.1312,0.1696,0.0,0.0,0.0,0.0,0.0,0.0,0.0,0.0,0.0,0.0,0.0,0.0,0.0,0.0,0.1312,0.0,0.0,0.0,0.0,0.1312,0.0,0.0,0.0,0.0,0.1461,0.0,0.0,0.0,0.0,0.0,0.0,0.0,0.0,0.0,0.0,0.0,0.0,0.0,0.0,0.1312,0.0,0.0,0.0,0.0,0.1312,0.0,0.0,0.0,0.0,0.1312,0.0,0.0,0.0,0.0,0.1696,0.0,0.7227,0.6399,0.0,0.0,0.1696,0.1696,0.7227,0.3156,0.3452,0.3392,0.4704,0.3392,0.3392,0.214,0.214,0.214,0.1696,0.3452,0.0,0.0,0.0,0.0,0.0,0.0,1.0,1.0,0.8539,0.8304,0.8304,1.0,1.0,1.0,0.8539,0.8539,1.0,1.0,1.0,1.0,0.8688,1.0,1.0,1.0,1.0,1.0,0.8688,0.8539,0.8304,0.8304,0.8304,1.0,0.8688,0.8539,0.8539,0.8539,1.0,1.0,0.8688,0.8539,0.8539,1.0,1.0,1.0,1.0,0.8688,1.0,1.0,1.0,1.0,1.0,0.8688,0.8539,0.8539,0.8304,0.8304,0.8688,0.8688,0.8688,0.8539,0.8539,1.0,0.8688,0.8688,0.8688,0.8539,1.0,1.0,1.0,0.8688,0.8688,1.0,1.0,1.0,1.0,0.8688,0.8688,0.8688,0.8539,0.8539,0.8304,0.8688,0.8688,0.8688,0.8539,0.8539,0.8688,0.8688,0.8688,0.8688,0.8539,1.0,1.0,0.8688,0.8688,0.8688,1.0,1.0,1.0,0.8688,0.8688,0.8688,0.8688,0.8539,0.8539,0.8539,0.8688,0.8688,0.8688,0.8688,0.8539,0.8688,0.8688,0.8688,0.8688,0.8688,1.0,0.8688,0.8688,0.8688,0.8688,1.0,1.0,0.8688,0.8688,0.8688,1.0,0.1696,1.0,0.8688,0.1696,0.1696,1.0,1.0,1.0,0.8688,0.7227,0.6548,0.3836,0.3836,0.3601,0.3601,0.1696,0.1696,0.1461,0.8688,1.0
18,0.0,0.0,0.0,0.0,0.0,0.4469,0.784,0.9344,0.9344,0.8688,0.4469,0.6262,0.784,0.927,0.9344,0.4469,0.5743,0.7691,0.784,0.927,0.4469,0.5743,0.6262,0.7691,0.784,0.6164,0.9152,0.7227,0.7227,0.6844,0.4913,0.7574,0.9152,0.927,0.9344,0.4469,0.6262,0.7691,0.9152,0.927,0.4469,0.6187,0.7574,0.7691,0.9152,0.4469,0.6187,0.6262,0.7574,0.7691,0.6164,0.7574,0.9152,0.9344,0.7227,0.6164,0.7574,0.7691,0.9152,0.927,0.4913,0.6844,0.7574,0.7691,0.9152,0.4469,0.6844,0.7574,0.7691,0.7691,0.4469,0.6844,0.6262,0.7574,0.7691,0.6164,0.7648,0.7691,0.9152,0.927,0.6164,0.6992,0.7574,0.7691,0.9152,0.6164,0.6844,0.7574,0.7691,0.7691,0.4913,0.6844,0.7574,0.7574,0.7691,0.4469,0.6844,0.6187,0.7574,0.7574,0.6164,0.7648,0.7574,0.7691,0.9152,0.6164,0.6992,0.7574,0.7691,0.7691,0.6164,0.6844,0.7574,0.7574,0.7691,0.6164,0.6844,0.6187,0.7574,0.7574,0.4913,0.6844,0.6844,0.7574,0.7574,0.4469,0.1312,0.6608,0.4913,0.1312,0.1312,0.4469,0.4469,0.6608,0.3836,0.3836,0.3836,0.3836,0.3836,0.3601,0.3156,0.2773,0.1312,0.0,0.3836,0.6187,0.0,0.214,0.214,0.214,0.214,1.0,1.0,0.8688,0.5531,0.5531,1.0,1.0,1.0,1.0,0.8688,1.0,1.0,1.0,1.0,1.0,1.0,1.0,1.0,1.0,1.0,1.0,0.7227,0.5531,0.5531,0.5531,1.0,1.0,1.0,0.8539,0.6844,1.0,1.0,1.0,1.0,1.0,1.0,1.0,1.0,1.0,1.0,1.0,1.0,1.0,1.0,1.0,1.0,1.0,0.7227,0.5531,0.5531,1.0,1.0,1.0,1.0,0.7227,1.0,1.0,1.0,1.0,1.0,1.0,1.0,1.0,1.0,1.0,1.0,1.0,1.0,1.0,1.0,1.0,1.0,1.0,0.7227,0.6992,1.0,1.0,1.0,1.0,1.0,1.0,1.0,1.0,1.0,1.0,1.0,1.0,1.0,1.0,1.0,1.0,1.0,1.0,1.0,1.0,1.0,1.0,1.0,1.0,0.7227,1.0,1.0,1.0,1.0,1.0,1.0,1.0,1.0,1.0,1.0,1.0,1.0,1.0,1.0,1.0,1.0,1.0,1.0,1.0,1.0,1.0,0.0,1.0,0.4913,0.0,0.0,1.0,1.0,1.0,0.6399,0.6399,0.5148,0.5148,0.3836,0.3156,0.3008,0.0,0.0,0.0,0.6399,1.0
19,0.0,0.0848,0.0848,0.0848,0.0848,0.0,0.1461,0.1461,0.1461,0.1461,0.0,0.1312,0.1461,0.1461,0.1461,0.0,0.0,0.1312,0.1461,0.1461,0.0,0.0,0.1312,0.1312,0.1461,0.0,0.0,0.0,0.0,0.0,0.0,0.0,0.0,0.0,0.0,0.0,0.0,0.0,0.0,0.0,0.0,0.0,0.0,0.0,0.0,0.0,0.0,0.0,0.1312,0.1312,0.0,0.0,0.0,0.0,0.0,0.0,0.0,0.0,0.0,0.0,0.0,0.0,0.0,0.0,0.0,0.0,0.0,0.0,0.0,0.0,0.0,0.0,0.0,0.0,0.0,0.0,0.0,0.0,0.0,0.0,0.0,0.0,0.0,0.0,0.0,0.0,0.0,0.0,0.0,0.0,0.0,0.0,0.0,0.0,0.0,0.0,0.0,0.0,0.0,0.0,0.0,0.0,0.0,0.0,0.0,0.0,0.0,0.0,0.0,0.0,0.0,0.0,0.0,0.0,0.0,0.0,0.0,0.0,0.0,0.0,0.0,0.0,0.0,0.0,0.0,0.0,0.0848,0.3601,0.5531,0.0848,0.0848,0.0,0.0,0.3601,0.3156,0.5531,0.3008,0.0,0.0,0.0,0.0,0.0,0.0,0.0,0.5531,0.0,0.0,0.0,0.0,0.0,0.0,0.7227,0.7227,0.7227,0.6844,0.5531,0.7227,0.7227,0.7227,0.7227,0.7227,0.7227,0.7227,0.7227,0.7227,0.7227,0.7227,0.7227,0.7227,0.7227,0.7227,0.7227,0.7227,0.5531,0.5531,0.5531,0.7227,0.7227,0.7227,0.7227,0.7227,0.7227,0.7227,0.7227,0.7227,0.7227,0.7227,0.7227,0.7227,0.7227,0.7227,0.7227,0.7227,0.7227,0.7227,0.7227,0.7227,0.7227,0.7227,0.6844,0.5531,0.7227,0.7227,0.7227,0.7227,0.7227,0.7227,0.7227,0.7227,0.7227,0.7227,0.7227,0.7227,0.7227,0.7227,0.7227,0.7227,0.7227,0.7227,0.7227,0.7227,0.7227,0.7227,0.7227,0.7227,0.6992,0.7227,0.7227,0.7227,0.7227,0.7227,0.7227,0.7227,0.7227,0.7227,0.7227,0.7227,0.7227,0.7227,0.7227,0.7227,0.7227,0.7227,0.7227,0.7227,0.7227,0.7227,0.7227,0.7227,0.7227,0.7227,0.7227,0.7227,0.7227,0.7227,0.7227,0.7227,0.7227,0.7227,0.7227,0.7227,0.7227,0.7227,0.7227,0.7227,0.7227,0.7227,0.7227,0.7227,0.7227,0.7227,0.7227,0.0,0.7227,0.7227,0.0,0.0,0.7227,0.7227,0.7227,0.6992,0.6844,0.5531,0.0,0.0,0.0,0.0,0.0,0.0,0.0,0.6992,0.7227
20,0.0,0.0,0.0,0.0,0.0,0.1726,0.0,0.0,0.0,0.0,0.1726,0.0,0.0,0.0,0.0,0.1726,0.0848,0.0,0.0,0.0,0.1726,0.0848,0.0,0.0,0.0,0.0,0.0,0.0,0.0,0.0,0.073,0.0,0.0,0.0,0.0,0.0848,0.0656,0.0,0.0,0.0,0.1504,0.073,0.0,0.0,0.0,0.1504,0.073,0.0656,0.0,0.0,0.0,0.0,0.0,0.0,0.0,0.073,0.0,0.0,0.0,0.0,0.073,0.073,0.0,0.0,0.0,0.0848,0.073,0.0656,0.0,0.0,0.0848,0.073,0.0656,0.0,0.0,0.0,0.0,0.0,0.0,0.0,0.073,0.0,0.0,0.0,0.0,0.073,0.073,0.0,0.0,0.0,0.073,0.073,0.0656,0.0,0.0,0.073,0.073,0.073,0.0656,0.0,0.0,0.0,0.0,0.0,0.0,0.0656,0.0,0.0,0.0,0.0,0.073,0.073,0.0,0.0,0.0,0.073,0.073,0.0656,0.0656,0.0,0.073,0.073,0.073,0.0656,0.0,0.1726,0.0,0.18,0.2426,0.0,0.0,0.1726,0.1726,0.18,0.1504,0.1726,0.2352,0.2426,0.2426,0.3082,0.3082,0.2766,0.2544,0.1918,0.1726,0.073,0.0,0.1312,0.1312,0.1312,0.1312,0.534,0.534,0.4122,0.107,0.0848,0.534,0.534,0.534,0.4122,0.4122,0.534,0.534,0.534,0.534,0.4122,0.534,0.534,0.534,0.534,0.534,0.4122,0.4122,0.107,0.107,0.0,0.534,0.4122,0.4122,0.4122,0.3813,0.534,0.534,0.4566,0.4122,0.4122,0.534,0.534,0.534,0.4684,0.4122,0.534,0.534,0.534,0.534,0.4684,0.4122,0.4122,0.4122,0.3187,0.107,0.534,0.4122,0.4122,0.4122,0.4122,0.534,0.534,0.4122,0.4122,0.4122,0.534,0.534,0.534,0.4122,0.4122,0.534,0.534,0.534,0.534,0.4566,0.4122,0.4122,0.4122,0.4122,0.3496,0.4122,0.4122,0.4122,0.4122,0.4122,0.534,0.4684,0.4122,0.4122,0.4122,0.534,0.534,0.4684,0.4122,0.4122,0.534,0.534,0.534,0.4684,0.4122,0.4122,0.4122,0.4122,0.4122,0.4122,0.4122,0.4122,0.4122,0.4122,0.4122,0.534,0.4122,0.4122,0.4122,0.4122,0.534,0.534,0.4566,0.4122,0.4122,0.534,0.534,0.534,0.4684,0.4122,0.534,0.0,0.3496,0.3496,0.0,0.0,0.534,0.534,0.3496,0.4882,0.4808,0.3496,0.2426,0.2426,0.1726,0.107,0.107,0.0848,0.0848,0.4882,0.534
21,0.0,0.4257,0.4257,0.4257,0.4257,0.3601,0.4448,0.4448,0.4448,0.4448,0.3601,0.3718,0.4448,0.4448,0.4448,0.3601,0.3644,0.5104,0.4448,0.4448,0.3601,0.3526,0.3718,0.4448,0.4448,0.3008,0.4448,0.4448,0.4448,0.4448,0.4078,0.503,0.4448,0.4448,0.4448,0.43,0.3718,0.5104,0.4448,0.4448,0.43,0.3526,0.503,0.5104,0.4448,0.43,0.4182,0.3718,0.503,0.4448,0.3008,0.3718,0.4448,0.4448,0.4448,0.4078,0.3718,0.5104,0.4448,0.4448,0.4078,0.3644,0.503,0.5104,0.4448,0.43,0.3526,0.3718,0.503,0.4448,0.43,0.4182,0.3718,0.503,0.5104,0.3008,0.3422,0.503,0.4448,0.4448,0.2766,0.3496,0.503,0.5104,0.4448,0.4078,0.3644,0.3718,0.503,0.4448,0.4078,0.3644,0.3718,0.503,0.5104,0.4078,0.3738,0.3718,0.503,0.503,0.3008,0.4048,0.3718,0.4448,0.4448,0.2382,0.3392,0.3718,0.503,0.5104,0.4078,0.3392,0.3718,0.503,0.5104,0.4078,0.4469,0.3718,0.503,0.503,0.4078,0.3843,0.3644,0.3718,0.503,0.3601,0.0,0.214,0.5818,0.0,0.0,0.3601,0.3601,0.214,0.2988,0.2988,0.4462,0.5148,0.5148,0.5952,0.5952,0.5508,0.4704,0.3843,0.2988,0.4182,0.0,0.4257,0.4257,0.4257,0.4257,0.927,0.9152,0.7035,0.5774,0.5774,0.927,0.927,0.9152,0.927,0.7035,0.927,0.927,0.927,0.9152,0.9152,0.927,0.927,0.927,0.9152,0.9152,0.927,0.82,0.5192,0.5774,0.5774,0.927,0.927,0.82,0.711,0.6504,0.927,0.927,0.927,0.8496,0.8274,0.927,0.927,0.927,0.927,0.9152,0.927,0.927,0.927,0.927,0.9152,0.927,0.8274,0.82,0.6262,0.5192,0.927,0.927,0.8274,0.82,0.6888,0.927,0.927,0.927,0.927,0.82,0.927,0.927,0.927,0.927,0.9152,0.927,0.927,0.927,0.927,0.927,0.927,0.8274,0.8274,0.82,0.6262,0.927,0.927,0.8496,0.8274,0.82,0.927,0.927,0.927,0.927,0.82,0.927,0.927,0.927,0.927,0.927,0.927,0.927,0.927,0.927,0.927,0.927,0.8274,0.8274,0.8274,0.82,0.927,0.927,0.8496,0.8274,0.82,0.927,0.927,0.927,0.927,0.8274,0.927,0.927,0.927,0.927,0.927,0.927,0.927,0.927,0.927,0.927,0.927,0.5087,0.7227,0.7227,0.5087,0.5087,0.927,0.927,0.7227,0.927,0.9152,0.9152,0.9152,0.9152,0.784,0.784,0.713,0.713,0.713,0.927,0.927
22,0.0,0.0,0.0,0.0,0.0,0.1696,0.0,0.0,0.0,0.0,0.1696,0.1696,0.0,0.0,0.0,0.1696,0.214,0.1461,0.0,0.0,0.1696,0.214,0.1696,0.0,0.0,0.0,0.0,0.0,0.0,0.0,0.1312,0.0,0.0,0.0,0.0,0.1461,0.0,0.0,0.0,0.0,0.1461,0.0,0.0,0.0,0.0,0.1461,0.1461,0.0,0.0,0.0,0.0,0.0,0.0,0.0,0.0,0.0,0.0,0.0,0.0,0.0,0.1312,0.0,0.0,0.0,0.0,0.1312,0.0,0.0,0.0,0.0,0.1461,0.0,0.0,0.0,0.0,0.0,0.0,0.0,0.0,0.0,0.0,0.0,0.0,0.0,0.0,0.0,0.0,0.0,0.0,0.0,0.1312,0.0,0.0,0.0,0.0,0.1312,0.0,0.0,0.0,0.0,0.0,0.0,0.0,0.0,0.0,0.0,0.0,0.0,0.0,0.0,0.0,0.0,0.0,0.0,0.0,0.0,0.0,0.0,0.0,0.0,0.1312,0.0,0.0,0.0,0.0,0.1696,0.3156,0.3392,0.4852,0.0,0.0,0.1696,0.1696,0.3392,0.1696,0.214,0.214,0.3452,0.3836,0.3836,0.3452,0.3156,0.3156,0.3601,0.214,0.1461,0.0,0.0,0.0,0.0,0.0,0.927,0.5148,0.1312,0.0,0.0,0.927,0.6992,0.5148,0.4469,0.1312,0.927,0.8539,0.5296,0.5148,0.4469,0.927,0.7883,0.6992,0.5296,0.5148,0.5296,0.0,0.0,0.0,0.0,0.8539,0.5296,0.4469,0.1461,0.1312,0.7883,0.5296,0.5296,0.4913,0.3156,0.7958,0.8304,0.5296,0.5296,0.4913,0.927,0.8539,0.5296,0.5296,0.5296,0.5296,0.4913,0.0,0.0,0.0,0.6608,0.5296,0.5296,0.3008,0.1461,0.8539,0.5296,0.5296,0.5296,0.4469,0.7883,0.5296,0.5296,0.5296,0.5148,0.7883,0.8304,0.5296,0.5296,0.5296,0.5296,0.5296,0.3008,0.0,0.0,0.5296,0.5296,0.5296,0.3601,0.2773,0.6608,0.5296,0.5296,0.5296,0.5148,0.8539,0.5296,0.5296,0.5296,0.5296,0.7883,0.786,0.5296,0.5296,0.5296,0.5296,0.5296,0.4913,0.1696,0.0,0.5296,0.5296,0.5296,0.5296,0.3452,0.6608,0.5296,0.5296,0.5296,0.5296,0.786,0.5296,0.5296,0.5296,0.5296,0.8539,0.5296,0.5296,0.5296,0.5296,0.927,0.3392,0.6379,0.7574,0.0,0.0,0.927,0.927,0.6379,0.7883,0.7204,0.6608,0.6608,0.5296,0.6608,0.5148,0.5148,0.5148,0.5148,0.7883,0.7958
23,0.0,0.0,0.0,0.0,0.0,0.5222,0.0,0.0,0.0,0.0,0.5222,0.1312,0.0,0.0,0.0,0.5222,0.1461,0.0,0.0,0.0,0.5222,0.2773,0.1312,0.0,0.0,0.0,0.0,0.0,0.0,0.0,0.2773,0.0,0.0,0.0,0.0,0.3156,0.1312,0.0,0.0,0.0,0.5148,0.1461,0.1312,0.0,0.0,0.5148,0.2773,0.1312,0.0,0.0,0.0,0.0,0.0,0.0,0.0,0.2773,0.1312,0.0,0.0,0.0,0.2773,0.1312,0.0,0.0,0.0,0.2773,0.1461,0.1312,0.0,0.0,0.3156,0.2773,0.1312,0.1312,0.0,0.0,0.0,0.0,0.0,0.0,0.2773,0.1312,0.0,0.0,0.0,0.2773,0.1312,0.1312,0.0,0.0,0.2773,0.1461,0.1312,0.0,0.0,0.2773,0.2773,0.1312,0.1312,0.0,0.0,0.0,0.0,0.0,0.0,0.2773,0.1312,0.0,0.0,0.0,0.2773,0.1312,0.1312,0.0,0.0,0.2773,0.1461,0.1312,0.1312,0.0,0.2773,0.2773,0.1312,0.1312,0.0,0.5222,0.0,0.5878,0.4257,0.0,0.0,0.5222,0.5222,0.5878,0.5952,0.5952,0.5296,0.4257,0.4257,0.4257,0.4257,0.4257,0.3813,0.3813,0.5952,0.2773,0.0,0.0,0.0,0.0,0.0,0.677,0.3156,0.0,0.0,0.0,0.677,0.5148,0.3156,0.1312,0.0,0.677,0.5952,0.4469,0.3156,0.1461,0.677,0.5952,0.5148,0.4469,0.3156,0.6474,0.1312,0.0,0.0,0.0,0.6474,0.4913,0.3008,0.0,0.0,0.6474,0.5952,0.4469,0.3008,0.1312,0.7035,0.5952,0.4913,0.4469,0.3156,0.7035,0.5878,0.5148,0.4469,0.4469,0.6474,0.4469,0.1312,0.0,0.0,0.6474,0.5952,0.4469,0.2773,0.0,0.6474,0.5952,0.4913,0.4469,0.3008,0.6474,0.5878,0.5148,0.4469,0.3156,0.6474,0.713,0.5952,0.4913,0.4469,0.6474,0.5148,0.3156,0.1312,0.0,0.6474,0.5952,0.4913,0.3156,0.1461,0.6474,0.5952,0.5148,0.4469,0.3156,0.6474,0.713,0.5952,0.4913,0.4469,0.6474,0.713,0.5952,0.5148,0.4469,0.6474,0.5952,0.4469,0.3156,0.1312,0.6474,0.5952,0.5148,0.4469,0.3156,0.6474,0.5878,0.5952,0.4913,0.4469,0.6474,0.713,0.5952,0.5148,0.4469,0.6474,0.713,0.5952,0.5148,0.4913,0.677,0.0,0.6888,0.711,0.0,0.0,0.677,0.677,0.6888,0.711,0.711,0.711,0.711,0.711,0.711,0.711,0.711,0.711,0.711,0.711,0.7035
24,0.0,0.0848,0.0848,0.0848,0.0848,0.1696,0.2544,0.2544,0.2544,0.1696,0.1696,0.2352,0.2544,0.2766,0.2544,0.1696,0.1696,0.2544,0.2544,0.2544,0.1696,0.1696,0.2352,0.2544,0.2544,0.2544,0.2766,0.2352,0.1696,0.1696,0.1696,0.2544,0.2766,0.2766,0.2544,0.1696,0.2426,0.2544,0.2544,0.2766,0.1696,0.2352,0.2544,0.2544,0.2544,0.1696,0.2352,0.2426,0.2544,0.2544,0.2544,0.2766,0.2766,0.2544,0.2352,0.2352,0.2544,0.2544,0.2766,0.2766,0.1696,0.2544,0.2544,0.2544,0.2766,0.1696,0.2352,0.2544,0.2544,0.2544,0.1696,0.2352,0.2426,0.2544,0.2544,0.2544,0.2544,0.3422,0.2766,0.2544,0.2352,0.2544,0.2544,0.2766,0.2766,0.1696,0.2544,0.2544,0.2544,0.2544,0.1696,0.2352,0.2544,0.2544,0.2544,0.1696,0.2352,0.2544,0.2544,0.2544,0.2544,0.2544,0.2766,0.2766,0.2766,0.2352,0.2544,0.2544,0.2544,0.2766,0.2352,0.2544,0.2544,0.2544,0.2544,0.1696,0.2352,0.2544,0.2544,0.2544,0.1696,0.2352,0.2544,0.2544,0.2544,0.1696,0.1696,0.1696,0.107,0.1696,0.1696,0.1696,0.1696,0.1696,0.107,0.107,0.107,0.107,0.107,0.107,0.107,0.107,0.107,0.107,0.107,0.2352,0.0,0.0848,0.0848,0.0848,0.0848,0.5922,0.4078,0.3422,0.3496,0.3614,0.5922,0.5774,0.4078,0.4078,0.3422,0.5922,0.5774,0.4226,0.4078,0.4078,0.5922,0.5922,0.5774,0.4226,0.4078,0.5922,0.4078,0.3422,0.3496,0.4152,0.5922,0.4462,0.4078,0.4078,0.3422,0.5922,0.5774,0.4226,0.4078,0.4078,0.5922,0.5774,0.4462,0.4226,0.4078,0.5922,0.5922,0.5774,0.4226,0.4226,0.5922,0.4462,0.4078,0.3422,0.3422,0.5922,0.5774,0.4226,0.4078,0.4078,0.5922,0.5774,0.4462,0.4226,0.4078,0.5922,0.5922,0.5774,0.4226,0.4226,0.5922,0.5922,0.5774,0.4462,0.4226,0.5922,0.4462,0.4078,0.4078,0.4078,0.5922,0.5774,0.4462,0.4078,0.4078,0.5922,0.5774,0.4462,0.4226,0.4078,0.5922,0.5922,0.5774,0.4462,0.4226,0.5922,0.5922,0.5774,0.4462,0.4226,0.5922,0.5774,0.4462,0.4078,0.4078,0.5922,0.5774,0.4462,0.4226,0.4078,0.5922,0.5922,0.5774,0.4462,0.4226,0.5922,0.5922,0.5774,0.4462,0.4226,0.5922,0.5922,0.5774,0.5774,0.4462,0.5922,0.0,0.5922,0.5774,0.0,0.0,0.5922,0.5922,0.5922,0.5774,0.5538,0.5316,0.4004,0.323,0.3112,0.3112,0.3112,0.1578,0.0848,0.5774,0.5922
26,0.0,0.1696,0.1696,0.1696,0.1696,0.3836,0.4852,0.4704,0.3392,0.3392,0.3836,0.6399,0.4852,0.4704,0.4704,0.3836,0.5087,0.6548,0.4852,0.4704,0.3836,0.5087,0.6399,0.6548,0.4852,0.1696,0.3392,0.3392,0.3392,0.3392,0.3601,0.6399,0.5087,0.4852,0.3392,0.3836,0.4852,0.6548,0.5087,0.4852,0.3836,0.5087,0.6399,0.6548,0.5087,0.3836,0.5087,0.5087,0.6548,0.6399,0.1696,0.3392,0.3392,0.3392,0.3392,0.3156,0.4852,0.6548,0.5087,0.4704,0.3601,0.5087,0.6399,0.6399,0.5087,0.3836,0.5087,0.6164,0.6548,0.5087,0.3836,0.5087,0.4852,0.6399,0.6548,0.1696,0.3392,0.3392,0.3392,0.3392,0.3156,0.4704,0.6548,0.4852,0.4704,0.3156,0.5087,0.4852,0.6548,0.5087,0.3601,0.5087,0.4852,0.6399,0.6548,0.3836,0.5087,0.4852,0.6399,0.6548,0.1696,0.3392,0.3392,0.3392,0.3392,0.3156,0.4852,0.4704,0.4852,0.4704,0.3156,0.4852,0.4852,0.6548,0.6548,0.3156,0.5087,0.4852,0.6399,0.6548,0.3601,0.3836,0.5087,0.4852,0.6399,0.3836,0.214,0.3452,0.4852,0.214,0.214,0.3836,0.3836,0.3452,0.3836,0.4852,0.4852,0.4852,0.4704,0.3392,0.214,0.214,0.214,0.214,0.4852,0.5087,0.0,0.1696,0.1696,0.1696,0.1696,0.8539,0.786,0.5087,0.3392,0.3392,0.8539,0.6399,0.786,0.6844,0.5087,0.8539,0.6548,0.6548,0.786,0.6844,0.8539,0.6992,0.6399,0.6548,0.786,0.6399,0.6399,0.4852,0.3392,0.3392,0.8539,0.6399,0.6844,0.5087,0.5087,0.8539,0.6548,0.6399,0.6548,0.5531,0.8539,0.6548,0.6399,0.6399,0.6548,0.8539,0.6992,0.6548,0.6399,0.6548,0.6399,0.4913,0.6399,0.4852,0.4852,0.7227,0.6399,0.6164,0.6844,0.5531,0.8539,0.6548,0.6399,0.6164,0.6844,0.8539,0.6992,0.6399,0.6399,0.6548,0.8539,0.6992,0.6548,0.6399,0.6399,0.6399,0.4913,0.4913,0.6399,0.5087,0.7227,0.6164,0.6164,0.6164,0.6844,0.8539,0.6548,0.6399,0.6164,0.6164,0.8539,0.6992,0.6399,0.6399,0.6399,0.8539,0.6992,0.6548,0.6399,0.6399,0.6399,0.4913,0.4913,0.4913,0.6399,0.7227,0.6164,0.6164,0.6164,0.6164,0.7227,0.6992,0.6399,0.6164,0.6164,0.8539,0.6992,0.6548,0.6399,0.6399,0.8539,0.6992,0.6548,0.6399,0.6399,0.8539,0.1461,0.7227,0.7227,0.1461,0.1461,0.8539,0.8539,0.7227,0.786,0.6548,0.4852,0.3601,0.3601,0.3601,0.3601,0.3452,0.3452,0.3008,0.786,0.8539
27,0.0,0.3392,0.3392,0.3392,0.3392,0.3392,0.5531,0.5531,0.5087,0.5087,0.3392,0.5087,0.5531,0.5531,0.5531,0.3392,0.4852,0.5531,0.5531,0.5531,0.3392,0.4704,0.5087,0.5531,0.5531,0.2773,0.3836,0.3836,0.3836,0.3836,0.214,0.5087,0.3836,0.3836,0.3836,0.214,0.4852,0.5087,0.5087,0.5087,0.3392,0.4852,0.5531,0.5531,0.5531,0.3392,0.4704,0.5087,0.5531,0.5531,0.2773,0.3836,0.3836,0.3836,0.3836,0.1696,0.3836,0.3836,0.3836,0.3836,0.214,0.4704,0.5087,0.5087,0.3836,0.214,0.4704,0.4852,0.5087,0.5087,0.214,0.3392,0.4852,0.5087,0.5087,0.2773,0.3836,0.3836,0.3836,0.3836,0.1461,0.3601,0.3836,0.3836,0.3836,0.1696,0.4704,0.5087,0.3836,0.3836,0.214,0.4704,0.4852,0.5087,0.5087,0.214,0.3392,0.4704,0.5087,0.5087,0.2773,0.3836,0.3836,0.3836,0.3836,0.1461,0.3452,0.3836,0.3836,0.3836,0.1696,0.4704,0.3836,0.3836,0.3836,0.1696,0.4704,0.4852,0.5087,0.3836,0.214,0.4704,0.4704,0.4852,0.5087,0.3392,0.0,0.4852,0.6548,0.0,0.0,0.3392,0.3392,0.4852,0.3392,0.3392,0.4704,0.5087,0.4852,0.3156,0.3156,0.1696,0.1696,0.1461,0.3392,0.4704,0.0,0.3392,0.3392,0.3392,0.3392,1.0,0.7227,0.3392,0.3392,0.3392,1.0,0.8539,0.7227,0.8304,0.3392,1.0,0.8539,0.8539,0.7227,0.8539,1.0,0.8539,0.8539,0.8539,0.7227,0.8539,0.5148,0.214,0.214,0.214,1.0,0.8539,0.6992,0.6399,0.3392,1.0,0.8539,0.8539,0.8304,0.6399,1.0,0.8539,0.8539,0.8539,0.8304,1.0,0.8539,0.8539,0.8539,0.8539,0.8539,0.5296,0.5148,0.3836,0.214,0.8539,0.8539,0.7227,0.5296,0.5148,1.0,0.8539,0.8539,0.8539,0.6992,1.0,0.8539,0.8539,0.8539,0.8539,1.0,0.8539,0.8539,0.8539,0.8539,0.8539,0.6992,0.5296,0.5148,0.5148,0.8539,0.8539,0.7227,0.5148,0.5296,0.8688,0.8539,0.8539,0.8539,0.6844,1.0,0.8539,0.8539,0.8539,0.8539,1.0,0.8539,0.8539,0.8539,0.8539,0.8539,0.7227,0.5296,0.5296,0.5148,0.8539,0.8539,0.8539,0.6548,0.5296,0.8539,0.8539,0.8539,0.8539,0.7227,1.0,0.8539,0.8539,0.8539,0.8539,1.0,0.8539,0.8539,0.8539,0.8539,1.0,0.3392,1.0,0.8539,0.0,0.0,1.0,1.0,1.0,0.8539,0.7227,0.5531,0.3392,0.3392,0.214,0.1696,0.1696,0.1312,0.0,0.8539,1.0
28,0.0,0.0,0.0,0.0,0.0,0.7227,0.214,0.214,0.214,0.214,0.7227,0.3836,0.214,0.214,0.214,0.7227,0.3836,0.3601,0.214,0.214,0.7227,0.6399,0.3836,0.3452,0.214,0.4852,0.0,0.0,0.0,0.0,0.6992,0.1461,0.1461,0.1461,0.1461,0.6992,0.3601,0.1696,0.1696,0.1696,0.6992,0.3601,0.3156,0.1696,0.1696,0.6992,0.6164,0.3601,0.3156,0.1696,0.4852,0.0,0.0,0.0,0.0,0.786,0.1461,0.0,0.0,0.0,0.6992,0.3452,0.1461,0.1461,0.1461,0.6992,0.4704,0.3008,0.1461,0.1461,0.6992,0.4852,0.3601,0.3156,0.1696,0.4852,0.0,0.0,0.0,0.0,0.6548,0.1461,0.0,0.0,0.0,0.786,0.214,0.1312,0.0,0.0,0.6992,0.4704,0.3008,0.1461,0.1461,0.6992,0.4704,0.3452,0.3008,0.1461,0.4852,0.0,0.0,0.0,0.0,0.4852,0.1461,0.0,0.0,0.0,0.786,0.3392,0.1461,0.0,0.0,0.8304,0.4704,0.1696,0.1312,0.0,0.6992,0.4704,0.3452,0.3008,0.1461,0.7227,0.0,0.6844,0.5531,0.0,0.0,0.7227,0.7227,0.6844,0.6992,0.6992,0.6992,0.6992,0.6992,0.6992,0.6992,0.6992,0.6399,0.3452,0.6992,0.6164,0.0,0.1696,0.1696,0.1696,0.1696,0.8688,1.0,1.0,0.8688,0.7227,0.8688,1.0,1.0,1.0,1.0,0.8688,1.0,1.0,1.0,1.0,0.8688,0.8688,1.0,1.0,1.0,1.0,0.8688,0.7227,0.7227,0.5531,1.0,1.0,1.0,1.0,1.0,1.0,1.0,1.0,1.0,1.0,1.0,1.0,1.0,1.0,1.0,0.8688,1.0,1.0,1.0,1.0,1.0,1.0,0.8688,0.8688,0.7227,1.0,1.0,1.0,1.0,1.0,1.0,1.0,1.0,1.0,1.0,1.0,1.0,1.0,1.0,1.0,1.0,1.0,1.0,1.0,1.0,1.0,1.0,1.0,0.8688,0.8688,1.0,1.0,1.0,1.0,1.0,1.0,1.0,1.0,1.0,1.0,1.0,1.0,1.0,1.0,1.0,1.0,1.0,1.0,1.0,1.0,1.0,1.0,1.0,1.0,0.8688,1.0,1.0,1.0,1.0,1.0,1.0,1.0,1.0,1.0,1.0,1.0,1.0,1.0,1.0,1.0,1.0,1.0,1.0,1.0,1.0,0.8688,0.0,0.8688,0.8688,0.0,0.0,0.8688,0.8688,0.8688,0.8688,0.8688,0.6608,0.4469,0.4469,0.1312,0.0,0.0,0.0,0.0,0.8688,1.0
29,0.1461,0.1696,0.1696,0.1696,0.1696,0.3392,0.4704,0.1696,0.0,0.0,0.3392,0.4048,0.4704,0.214,0.1696,0.3392,0.5552,0.4852,0.4704,0.4704,0.3392,0.5552,0.4048,0.4852,0.4704,0.5087,0.3601,0.073,0.073,0.073,0.3392,0.4852,0.4704,0.3008,0.073,0.3392,0.5743,0.4852,0.4704,0.3452,0.3392,0.5552,0.5508,0.4852,0.4704,0.3392,0.5552,0.5508,0.4852,0.4852,0.5087,0.4852,0.3601,0.073,0.073,0.4704,0.5087,0.4704,0.4704,0.3813,0.3392,0.5743,0.4852,0.4704,0.4704,0.3392,0.5818,0.5508,0.4852,0.4704,0.3392,0.5552,0.5743,0.5508,0.4852,0.5087,0.5531,0.4852,0.3601,0.2117,0.4852,0.5087,0.4852,0.4704,0.4852,0.3392,0.5743,0.4852,0.4852,0.4704,0.3392,0.5818,0.5743,0.4852,0.4852,0.3392,0.5818,0.5743,0.5508,0.4852,0.5087,0.5531,0.4852,0.4852,0.3601,0.5087,0.5087,0.5087,0.4704,0.4852,0.4704,0.5743,0.5087,0.4852,0.4704,0.3392,0.5818,0.5743,0.4852,0.4852,0.3392,0.5818,0.5743,0.5743,0.4852,0.3392,0.3392,0.0,0.3621,0.0,0.0,0.3392,0.3392,0.0,0.3392,0.3392,0.3392,0.4704,0.4704,0.4852,0.4852,0.4852,0.4852,0.3836,0.3392,0.5552,0.1461,0.1696,0.1696,0.1696,0.1696,0.6696,0.5192,0.4078,0.4226,0.3379,0.6696,0.607,0.5192,0.4462,0.4078,0.6696,0.607,0.5848,0.5192,0.5192,0.6696,0.6696,0.607,0.5848,0.5192,0.604,0.5538,0.3496,0.3718,0.3644,0.6696,0.5848,0.5192,0.5538,0.4226,0.6696,0.607,0.5848,0.5192,0.4462,0.6696,0.607,0.607,0.5848,0.5192,0.6696,0.6696,0.607,0.5848,0.5848,0.604,0.5192,0.5538,0.5538,0.3496,0.6696,0.607,0.5192,0.5118,0.5538,0.6696,0.607,0.5848,0.5192,0.5192,0.6696,0.6696,0.607,0.5848,0.5192,0.6696,0.6696,0.607,0.5848,0.5848,0.604,0.5192,0.5118,0.5538,0.5538,0.6696,0.5414,0.5192,0.5192,0.5118,0.6696,0.6696,0.607,0.5192,0.5192,0.6696,0.6696,0.607,0.5848,0.5192,0.6696,0.6696,0.607,0.607,0.5848,0.604,0.5414,0.5192,0.5118,0.5538,0.6696,0.5414,0.5192,0.5192,0.5192,0.6696,0.6696,0.607,0.5192,0.5192,0.6696,0.6696,0.607,0.607,0.5192,0.6696,0.6696,0.607,0.607,0.5848,0.6696,0.0,0.6696,0.6696,0.0,0.0,0.6696,0.6696,0.6696,0.6696,0.6696,0.5848,0.5626,0.497,0.4896,0.424,0.4048,0.214,0.1696,0.6696,0.6696
30,0.0,0.3392,0.3392,0.3392,0.3392,0.6992,0.6992,0.6548,0.6548,0.4704,0.6992,0.7227,0.6992,0.6992,0.6548,0.6992,0.8304,0.7227,0.6992,0.6992,0.6992,0.8304,0.7227,0.7227,0.6992,0.6992,0.5087,0.4704,0.4704,0.3392,0.6992,0.7227,0.6992,0.6548,0.6548,0.6992,0.6992,0.6992,0.6992,0.6548,0.6992,0.8304,0.7227,0.6992,0.6992,0.6992,0.8304,0.7227,0.7227,0.6992,0.6992,0.6992,0.5087,0.4704,0.4704,0.6992,0.6992,0.6992,0.6992,0.6548,0.6992,0.8304,0.7227,0.6992,0.6992,0.6992,0.8304,0.7227,0.6992,0.6992,0.6992,0.8304,0.6992,0.7227,0.6992,0.6992,0.6992,0.6844,0.5087,0.4852,0.6992,0.6992,0.6992,0.6992,0.6548,0.6992,0.8304,0.7227,0.6992,0.6992,0.6992,0.8304,0.6992,0.7227,0.6992,0.6992,0.8304,0.6992,0.7227,0.7227,0.6992,0.6844,0.6992,0.6844,0.5087,0.6992,0.8304,0.6992,0.6992,0.6992,0.6992,0.8304,0.6992,0.6992,0.6992,0.6992,0.8304,0.6992,0.7227,0.6992,0.6992,0.8304,0.8304,0.7227,0.7227,0.6992,0.3836,0.8304,1.0,0.0,0.0,0.6992,0.6992,0.8304,0.6992,0.7227,0.8539,0.8688,0.8688,0.8688,0.8539,0.6992,0.4852,0.3392,0.7227,0.8304,0.0,0.3392,0.3392,0.3392,0.3392,0.8539,0.8539,0.5531,0.5531,0.4852,0.8539,0.8539,0.8539,0.6992,0.5531,0.8539,0.8539,0.8539,0.8539,0.8304,0.8539,0.8539,0.8539,0.8539,0.8539,0.8688,0.8539,0.5531,0.4704,0.3392,0.8539,0.8688,0.8539,0.6992,0.5531,0.8539,0.8688,0.8688,0.8539,0.8304,0.8539,0.8539,0.8688,0.8539,0.8539,0.8539,0.8539,0.8688,0.8688,0.8539,0.8688,0.8688,0.8539,0.6844,0.5531,0.8539,0.8688,0.8688,0.8539,0.8304,0.8539,0.8688,0.8688,0.8688,0.8539,0.8539,0.8539,0.8688,0.8688,0.8539,0.8539,0.8539,0.8688,0.8688,0.8688,0.8688,0.8688,0.8688,0.8539,0.8304,0.8688,0.8688,0.8688,0.8688,0.8539,0.8539,0.8688,0.8688,0.8688,0.8539,0.8539,0.8688,0.8688,0.8688,0.8688,0.8539,0.8539,0.8688,0.8688,0.8688,0.8688,0.8688,0.8688,0.8688,0.8539,0.8688,0.8688,0.8688,0.8688,0.8688,0.8539,0.8688,0.8688,0.8688,0.8688,0.8539,0.8688,0.8688,0.8688,0.8688,0.8539,0.8539,0.8688,0.8688,0.8688,0.8539,0.3392,0.8688,0.8688,0.0,0.0,0.8539,0.8539,0.8688,0.7227,0.7227,0.7227,0.6992,0.6992,0.6992,0.5296,0.3836,0.3452,0.214,0.7227,0.8539
31,0.0,0.0,0.0,0.0,0.0,0.6399,0.786,0.5087,0.5087,0.5087,0.6399,0.6548,0.786,0.5087,0.5087,0.6399,0.6548,0.786,0.786,0.5087,0.6399,0.6548,0.6548,0.786,0.786,0.7227,0.5087,0.5087,0.5087,0.5087,0.6548,0.786,0.5087,0.5087,0.5087,0.6548,0.6548,0.786,0.6399,0.5087,0.6548,0.6548,0.6548,0.786,0.6548,0.6548,0.6548,0.6548,0.786,0.786,0.7227,0.5087,0.5087,0.5087,0.5087,0.6548,0.786,0.6399,0.5087,0.5087,0.6548,0.6548,0.786,0.786,0.5087,0.6548,0.6548,0.6548,0.786,0.786,0.6548,0.6992,0.6548,0.786,0.786,0.7227,0.5087,0.5087,0.5087,0.5087,0.6548,0.786,0.786,0.6399,0.5087,0.6548,0.6548,0.786,0.786,0.6399,0.6548,0.6992,0.6548,0.786,0.786,0.6548,0.7227,0.6548,0.786,0.786,0.7227,0.5087,0.5087,0.5087,0.5087,0.6992,0.786,0.786,0.6399,0.5087,0.6548,0.6548,0.786,0.786,0.6399,0.6548,0.7227,0.6548,0.786,0.786,0.6548,0.7227,0.6548,0.786,0.786,0.6399,0.3392,0.1696,0.3392,0.3392,0.3392,0.6399,0.6399,0.1696,0.6548,0.6548,0.6548,0.6548,0.6548,0.6548,0.6548,0.6548,0.6548,0.6548,0.6548,0.6548,0.0,0.0,0.0,0.0,0.0,0.43,0.5531,0.5531,0.5531,0.5531,0.43,0.5531,0.5531,0.5531,0.5531,0.43,0.5531,0.5531,0.5531,0.5531,0.43,0.5087,0.5531,0.5531,0.5531,0.5087,0.5531,0.5531,0.5531,0.5531,0.4566,0.5531,0.5531,0.5531,0.5531,0.4448,0.5531,0.5531,0.5531,0.5531,0.43,0.5531,0.5531,0.5531,0.5531,0.43,0.5087,0.5531,0.5531,0.5531,0.5087,0.5531,0.5531,0.5531,0.5531,0.4492,0.5531,0.5531,0.5531,0.5531,0.4566,0.5531,0.5531,0.5531,0.5531,0.4448,0.5531,0.5531,0.5531,0.5531,0.4448,0.5087,0.5531,0.5531,0.5531,0.5087,0.5531,0.5531,0.5531,0.5531,0.4492,0.5531,0.5531,0.5531,0.5531,0.4566,0.5531,0.5531,0.5531,0.5531,0.4566,0.5087,0.5531,0.5531,0.5531,0.4566,0.5087,0.5531,0.5531,0.5531,0.5087,0.5531,0.5531,0.5531,0.5531,0.4492,0.5531,0.5531,0.5531,0.5531,0.4492,0.5531,0.5531,0.5531,0.5531,0.4566,0.5087,0.5531,0.5531,0.5531,0.4566,0.5087,0.5531,0.5531,0.5531,0.43,0.1312,0.2352,0.2352,0.1312,0.1312,0.43,0.43,0.2352,0.43,0.43,0.43,0.43,0.43,0.43,0.43,0.43,0.43,0.43,0.43,0.43
32,0.0,0.1145,0.1145,0.1145,0.1145,0.7008,0.6622,0.6622,0.6701,0.6701,0.7008,0.7324,0.6622,0.6622,0.6622,0.7008,0.7483,0.7324,0.6622,0.6622,0.7008,0.7483,0.7324,0.592,0.6622,0.7483,0.6622,0.6701,0.6701,0.6701,0.7008,0.7324,0.6622,0.6622,0.6622,0.7008,0.7483,0.592,0.6622,0.6622,0.7008,0.7483,0.7324,0.6622,0.6622,0.7008,0.7483,0.7483,0.7324,0.6622,0.7483,0.7324,0.6622,0.6622,0.6701,0.7008,0.7483,0.6622,0.6622,0.6622,0.7008,0.7483,0.7324,0.6622,0.6622,0.7008,0.7483,0.7483,0.7324,0.6622,0.7008,0.7483,0.7483,0.7324,0.592,0.7483,0.7483,0.6622,0.6622,0.6622,0.7008,0.7483,0.7324,0.6622,0.6622,0.7008,0.7483,0.7483,0.7324,0.6622,0.7008,0.7483,0.7483,0.7324,0.592,0.7008,0.7483,0.7483,0.7483,0.7324,0.7483,0.7483,0.7324,0.6622,0.6622,0.7008,0.7483,0.7483,0.592,0.6622,0.7008,0.7483,0.7483,0.7324,0.6622,0.7008,0.7483,0.7483,0.7324,0.7324,0.7008,0.7483,0.7483,0.7483,0.7324,0.7008,0.592,0.5034,0.363,0.0,0.0,0.7008,0.7008,0.5034,0.7008,0.7483,0.7483,0.7324,0.592,0.5445,0.5193,0.5193,0.363,0.363,0.7483,0.7483,0.0,0.1145,0.1145,0.1145,0.1145,0.5258,0.592,0.592,0.592,0.592,0.5258,0.592,0.592,0.592,0.592,0.5258,0.592,0.592,0.592,0.592,0.5258,0.5445,0.592,0.592,0.592,0.6849,0.592,0.592,0.592,0.592,0.5445,0.592,0.592,0.592,0.592,0.5193,0.592,0.592,0.592,0.592,0.5193,0.592,0.592,0.592,0.592,0.5193,0.5445,0.592,0.592,0.592,0.6849,0.592,0.592,0.592,0.592,0.6849,0.592,0.592,0.592,0.592,0.5445,0.592,0.592,0.592,0.592,0.5193,0.592,0.592,0.592,0.592,0.5193,0.5445,0.592,0.592,0.592,0.6849,0.592,0.592,0.592,0.592,0.6849,0.592,0.592,0.592,0.592,0.5445,0.592,0.592,0.592,0.592,0.5445,0.592,0.592,0.592,0.592,0.5445,0.5445,0.592,0.592,0.592,0.6849,0.592,0.592,0.592,0.592,0.6849,0.592,0.592,0.592,0.592,0.6849,0.592,0.592,0.592,0.592,0.5445,0.592,0.592,0.592,0.592,0.5445,0.5445,0.592,0.592,0.592,0.5258,0.592,0.3853,0.3853,0.0,0.0,0.5258,0.5258,0.3853,0.6597,0.6597,0.5193,0.5034,0.229,0.1815,0.1815,0.1404,0.0,0.0,0.6597,0.5193
33,0.0,0.3836,0.3836,0.3836,0.3836,0.5531,1.0,0.8304,0.8304,0.5531,0.5531,1.0,1.0,0.8304,0.8304,0.5531,1.0,1.0,1.0,0.8539,0.5531,1.0,1.0,1.0,1.0,0.6164,0.5531,0.5531,0.5531,0.5531,0.6992,0.8688,0.8304,0.8304,0.6844,0.5531,1.0,1.0,0.8304,0.8304,0.5531,1.0,1.0,1.0,0.8539,0.5531,1.0,1.0,1.0,1.0,0.6164,0.4852,0.5531,0.5531,0.5531,0.8688,0.8688,0.8304,0.6992,0.6844,0.6992,1.0,0.8688,0.8304,0.8304,0.6844,1.0,1.0,1.0,0.8539,0.5531,1.0,1.0,1.0,1.0,0.6164,0.4852,0.5087,0.5531,0.5531,1.0,0.8688,0.8304,0.6992,0.5531,0.8539,1.0,0.8688,0.8304,0.8304,0.6992,1.0,1.0,0.8688,0.8304,0.6992,1.0,1.0,1.0,1.0,0.6164,0.4852,0.4852,0.5531,0.5531,1.0,0.8688,0.8304,0.5531,0.5531,0.8688,1.0,0.8688,0.8304,0.8304,0.8304,1.0,1.0,0.8688,0.8304,0.6992,1.0,1.0,1.0,0.8688,0.5531,0.1696,0.6548,0.8539,0.214,0.214,0.5531,0.5531,0.6548,0.5531,0.5531,0.5531,0.5087,0.5087,0.4852,0.5087,0.5087,0.5087,0.5087,0.5531,1.0,0.0,0.3836,0.3836,0.3836,0.3836,1.0,0.6844,0.8304,0.8304,0.8304,1.0,0.8539,0.6844,0.6992,0.8304,1.0,0.8539,0.8539,0.6844,0.6844,1.0,0.8539,0.8539,0.6844,0.6844,0.8539,1.0,0.8688,0.8688,0.8539,0.8539,0.7227,0.8304,0.8688,0.8688,1.0,0.7227,0.7227,0.6992,0.8304,1.0,0.7227,0.8539,0.6844,0.6844,1.0,0.7227,0.8539,0.7227,0.6844,0.8539,1.0,1.0,1.0,0.8688,0.8539,0.8539,0.8688,0.8688,0.8688,0.8539,0.7227,0.7227,0.6992,0.8304,0.8688,0.7227,0.7227,0.7227,0.6844,1.0,0.7227,0.7227,0.7227,0.7227,0.8539,1.0,1.0,1.0,1.0,0.8539,0.8539,1.0,0.8688,0.8688,0.8539,0.7227,0.7227,0.8688,0.8539,0.8539,0.7227,0.7227,0.7227,0.8539,0.8539,0.8539,0.7227,0.7227,0.7227,0.8539,1.0,1.0,1.0,1.0,0.8539,0.8539,1.0,1.0,0.8688,0.8539,0.7227,0.8539,0.8688,0.8688,0.8539,0.7227,0.7227,0.7227,0.8539,0.8539,0.8539,0.7227,0.7227,0.7227,1.0,0.0,0.8539,0.8304,0.0,0.0,1.0,1.0,0.8539,0.8539,0.8539,0.6992,0.6548,0.6164,0.214,0.1696,0.0,0.0,0.0,0.8539,1.0
34,0.0,0.0,0.0,0.0,0.0,0.1696,0.214,0.1461,0.1461,0.1461,0.1696,0.214,0.214,0.1696,0.1461,0.1696,0.214,0.214,0.214,0.1696,0.1696,0.214,0.214,0.214,0.214,0.0,0.1312,0.0,0.0,0.0,0.1696,0.214,0.1696,0.1461,0.0,0.1696,0.214,0.214,0.214,0.1461,0.1696,0.214,0.214,0.214,0.214,0.1696,0.214,0.214,0.214,0.214,0.0,0.1312,0.1312,0.0,0.0,0.3008,0.214,0.1696,0.1696,0.0,0.1696,0.214,0.214,0.214,0.1696,0.1696,0.214,0.214,0.214,0.214,0.1696,0.214,0.214,0.214,0.214,0.0,0.1312,0.1312,0.1312,0.0,0.3008,0.214,0.1696,0.1312,0.1312,0.3008,0.214,0.214,0.214,0.1696,0.1696,0.214,0.214,0.214,0.214,0.1696,0.214,0.214,0.214,0.214,0.0,0.1312,0.1312,0.1312,0.1312,0.3008,0.214,0.1696,0.1312,0.1312,0.3008,0.214,0.214,0.214,0.1696,0.3008,0.214,0.214,0.214,0.214,0.1696,0.214,0.214,0.214,0.214,0.1696,0.0,0.7618,0.5552,0.0,0.0,0.1696,0.1696,0.7618,0.214,0.214,0.3452,0.3836,0.4704,0.6164,0.4852,0.4852,0.4704,0.3601,0.214,0.214,0.0,0.0,0.0,0.0,0.0,0.8304,0.5531,0.5531,0.5531,0.5531,0.8304,0.5531,0.5531,0.5531,0.5531,0.8304,0.5531,0.5531,0.5531,0.5531,0.8304,0.6844,0.5531,0.5531,0.5531,0.8304,0.5531,0.5531,0.5531,0.3843,0.8304,0.5531,0.5531,0.5531,0.5531,0.8304,0.5531,0.5531,0.5531,0.5531,0.8304,0.6844,0.5531,0.5531,0.5531,0.8304,0.6992,0.5531,0.5531,0.5531,0.8304,0.5531,0.5531,0.5531,0.5531,0.8304,0.6844,0.5531,0.5531,0.5531,0.8304,0.6992,0.5531,0.5531,0.5531,0.8304,0.6992,0.5531,0.5531,0.5531,0.8304,0.8304,0.5531,0.5531,0.5531,0.8304,0.6992,0.5531,0.5531,0.5531,0.8304,0.6992,0.5531,0.5531,0.5531,0.8304,0.8304,0.5531,0.5531,0.5531,0.8304,0.8304,0.6844,0.5531,0.5531,0.8304,0.8304,0.6844,0.5531,0.5531,0.8304,0.6992,0.5531,0.5531,0.5531,0.8304,0.8304,0.5531,0.5531,0.5531,0.8304,0.8304,0.6844,0.5531,0.5531,0.8304,0.8304,0.6992,0.5531,0.5531,0.8304,0.8304,0.6992,0.5531,0.5531,0.8304,0.5508,0.8304,0.7618,0.0,0.0,0.8304,0.8304,0.8304,0.9152,0.8304,0.6992,0.6992,0.6992,0.6992,0.6992,0.6844,0.3836,0.3156,0.9152,0.8304
35,0.0,0.0,0.0,0.0,0.0,0.3392,0.1578,0.1578,0.1578,0.1578,0.3392,0.4048,0.1578,0.1578,0.1578,0.3392,0.3392,0.3082,0.1578,0.1578,0.3392,0.3392,0.4048,0.289,0.1578,0.3392,0.1386,0.1386,0.1386,0.1386,0.3392,0.2352,0.1578,0.1578,0.1578,0.3392,0.3392,0.289,0.1578,0.1578,0.3392,0.3392,0.2796,0.1578,0.1578,0.3392,0.3392,0.3392,0.2426,0.1578,0.3392,0.2042,0.1386,0.1386,0.1386,0.3392,0.214,0.1578,0.1578,0.1578,0.3392,0.3392,0.2352,0.1578,0.1578,0.3392,0.3392,0.2796,0.2965,0.1578,0.3392,0.3392,0.3392,0.2352,0.289,0.3392,0.1696,0.1386,0.1386,0.1386,0.3392,0.214,0.2426,0.1504,0.1504,0.3392,0.3392,0.2352,0.1578,0.1578,0.3392,0.3392,0.214,0.2352,0.1578,0.3392,0.3392,0.3392,0.2796,0.3082,0.3392,0.214,0.2042,0.1386,0.1386,0.3392,0.214,0.1696,0.1386,0.1386,0.3392,0.3392,0.214,0.2352,0.1578,0.3392,0.3392,0.3392,0.2352,0.2965,0.3392,0.3392,0.3392,0.2796,0.2352,0.3392,0.0,0.3392,0.3392,0.0,0.0,0.3392,0.3392,0.3392,0.3392,0.3392,0.3392,0.3392,0.4852,0.5087,0.5531,0.5531,0.5531,0.5531,0.3392,0.3392,0.0,0.2766,0.2766,0.2766,0.2766,0.8082,0.4078,0.2766,0.2766,0.2766,0.8082,0.5309,0.4078,0.2766,0.2766,0.8082,0.6621,0.4462,0.4078,0.2766,0.8082,0.6621,0.5309,0.4226,0.4078,0.6621,0.2766,0.2766,0.2766,0.2766,0.677,0.4462,0.2766,0.2766,0.2766,0.8082,0.5309,0.4226,0.2766,0.2766,0.8082,0.5309,0.4462,0.4226,0.2766,0.8082,0.6621,0.5309,0.4462,0.4226,0.6621,0.4226,0.2766,0.2766,0.2766,0.6621,0.5309,0.4226,0.2766,0.2766,0.677,0.5309,0.4462,0.4078,0.2766,0.677,0.5309,0.5309,0.4226,0.4078,0.8082,0.6621,0.5309,0.4462,0.4226,0.6621,0.4462,0.2766,0.2766,0.2766,0.6621,0.5309,0.4226,0.2766,0.2766,0.6621,0.5309,0.4684,0.4226,0.4078,0.677,0.5309,0.5309,0.4462,0.4226,0.677,0.6621,0.5309,0.4684,0.4226,0.6621,0.5309,0.4226,0.2766,0.2766,0.6621,0.5309,0.4462,0.4226,0.2766,0.6621,0.5309,0.5309,0.4226,0.4226,0.6621,0.5309,0.5309,0.4462,0.4226,0.677,0.6621,0.5309,0.5309,0.4462,0.8082,0.2766,0.8082,0.8274,0.0,0.0,0.8082,0.8082,0.8082,0.8496,0.8614,0.8614,0.8614,0.7958,0.7958,0.7958,0.7204,0.7204,0.7204,0.8496,0.8082
36,0.0,0.287,0.287,0.287,0.287,0.4852,0.3392,0.3392,0.3392,0.3392,0.4852,0.3392,0.3392,0.3392,0.3392,0.4852,0.3392,0.3392,0.3392,0.3392,0.4852,0.3392,0.3392,0.3392,0.3392,0.1461,0.3008,0.3008,0.3008,0.3008,0.3452,0.3392,0.3392,0.3392,0.3392,0.3452,0.3392,0.3392,0.3392,0.3392,0.4704,0.3392,0.3392,0.3392,0.3392,0.4704,0.3392,0.3392,0.3392,0.3392,0.1461,0.3008,0.3008,0.3008,0.3008,0.3008,0.214,0.214,0.214,0.214,0.3452,0.3392,0.3392,0.3392,0.3392,0.3452,0.3392,0.3392,0.3392,0.3392,0.3452,0.3392,0.3392,0.3392,0.3392,0.1461,0.3008,0.3008,0.3008,0.3008,0.3008,0.214,0.214,0.214,0.214,0.3452,0.3392,0.3392,0.3392,0.3392,0.3452,0.3392,0.3392,0.3392,0.3392,0.3452,0.3392,0.3392,0.3392,0.3392,0.1461,0.3008,0.3008,0.3008,0.3008,0.1696,0.214,0.214,0.214,0.214,0.3008,0.214,0.214,0.214,0.214,0.3452,0.3392,0.3392,0.3392,0.3392,0.3452,0.3392,0.3392,0.3392,0.3392,0.4852,0.424,0.784,0.5922,0.424,0.424,0.4852,0.4852,0.784,0.5434,0.5552,0.5552,0.424,0.4462,0.4462,0.2766,0.2766,0.2309,0.2042,0.5552,0.3392,0.0,0.287,0.287,0.287,0.287,0.8422,0.8422,0.8422,0.8422,0.8422,0.8422,0.8422,0.8422,0.8422,0.8422,0.8422,0.8422,0.8422,0.8422,0.8422,0.8422,0.8422,0.8422,0.8422,0.8422,0.8422,0.8422,0.8422,0.8422,0.8422,0.8422,0.8422,0.8422,0.8422,0.8422,0.8422,0.8422,0.8422,0.8422,0.8422,0.8422,0.8422,0.8422,0.8422,0.8422,0.8422,0.8422,0.8422,0.8422,0.8422,0.8422,0.8422,0.8422,0.8422,0.8422,0.8422,0.8422,0.8422,0.8422,0.8422,0.8422,0.8422,0.8422,0.8422,0.8422,0.8422,0.8422,0.8422,0.8422,0.8422,0.8422,0.8422,0.8422,0.8422,0.8422,0.8422,0.8422,0.8422,0.8422,0.8422,0.8422,0.8422,0.8422,0.8422,0.8422,0.8422,0.8422,0.8422,0.8422,0.8422,0.8422,0.8422,0.8422,0.8422,0.8422,0.8422,0.8422,0.8422,0.8422,0.8422,0.8422,0.8422,0.8422,0.8422,0.8422,0.8422,0.8422,0.8422,0.8422,0.8422,0.8422,0.8422,0.8422,0.8422,0.8422,0.8422,0.8422,0.8422,0.8422,0.8422,0.8422,0.8422,0.8422,0.8422,0.8422,0.8422,0.0,0.8422,0.7035,0.0,0.0,0.8422,0.8422,0.8422,0.7035,0.6813,0.6813,0.5952,0.4226,0.2766,0.2309,0.0,0.0,0.0,0.7035,0.8422
37,0.0,0.3378,0.3378,0.3378,0.3378,0.5668,0.4105,0.4105,0.4105,0.4105,0.5668,0.4105,0.4105,0.4105,0.4105,0.5668,0.4105,0.4105,0.4105,0.4105,0.5668,0.4105,0.4105,0.4105,0.4105,0.5193,0.5193,0.5193,0.5193,0.5193,0.5509,0.4105,0.4105,0.4105,0.4105,0.5668,0.4105,0.4105,0.4105,0.4105,0.5668,0.4105,0.4105,0.4105,0.4105,0.5668,0.4105,0.4105,0.4105,0.4105,0.5193,0.5193,0.5193,0.5193,0.5193,0.6849,0.5445,0.5445,0.5445,0.5445,0.5509,0.4105,0.4105,0.4105,0.4105,0.5668,0.4105,0.4105,0.4105,0.4105,0.5668,0.4105,0.4105,0.4105,0.4105,0.5193,0.5193,0.5193,0.5193,0.5193,0.6849,0.5445,0.5445,0.5445,0.5445,0.6849,0.5445,0.5445,0.5445,0.5445,0.5509,0.4105,0.4105,0.4105,0.4105,0.5509,0.4105,0.4105,0.4105,0.4105,0.5193,0.5193,0.5193,0.5193,0.5193,0.5445,0.5445,0.5445,0.5445,0.5445,0.6849,0.5445,0.5445,0.5445,0.5445,0.6849,0.5445,0.5445,0.5445,0.5445,0.5509,0.4105,0.4105,0.4105,0.4105,0.5668,0.363,0.5445,0.3694,0.0,0.0,0.5668,0.5668,0.5445,0.5668,0.5668,0.4782,0.4782,0.4782,0.3694,0.1404,0.0,0.0,0.0,0.5668,0.4105,0.0,0.3378,0.3378,0.3378,0.3378,0.6622,0.5193,0.5193,0.5193,0.5193,0.6622,0.5193,0.5193,0.5193,0.5193,0.6622,0.6849,0.5193,0.5193,0.5193,0.6622,0.5445,0.5193,0.5193,0.5193,0.5445,0.5445,0.5445,0.5445,0.5445,0.5445,0.5445,0.5445,0.5445,0.5445,0.5445,0.5193,0.5193,0.5193,0.5193,0.592,0.6597,0.5193,0.5193,0.5193,0.6622,0.6849,0.5193,0.5193,0.5193,0.5445,0.5445,0.5445,0.5445,0.5445,0.7008,0.5445,0.5445,0.5445,0.5445,0.5445,0.5445,0.5445,0.5445,0.5445,0.5445,0.5193,0.5193,0.5193,0.5193,0.5445,0.6849,0.5193,0.5193,0.5193,0.5445,0.5445,0.5445,0.5445,0.5445,0.5445,0.5445,0.5445,0.5445,0.5445,0.7008,0.5445,0.5445,0.5445,0.5445,0.5445,0.5445,0.5445,0.5445,0.5445,0.5445,0.6849,0.5445,0.5445,0.5445,0.5445,0.5445,0.5445,0.5445,0.5445,0.5445,0.5445,0.5445,0.5445,0.5445,0.7008,0.5445,0.5445,0.5445,0.5445,0.6849,0.5445,0.5445,0.5445,0.5445,0.5445,0.6849,0.5445,0.5445,0.5445,0.6622,0.363,0.592,0.5445,0.0,0.0,0.6622,0.6622,0.592,0.5895,0.5034,0.363,0.1563,0.1563,0.1404,0.0,0.0,0.0,0.0,0.5895,0.592
38,0.0,0.4704,0.4704,0.4704,0.4704,0.8304,0.5531,0.5531,0.5531,0.5531,0.8304,0.8304,0.5531,0.5531,0.5531,0.8304,0.8688,0.6992,0.5531,0.5531,0.8304,1.0,0.8304,0.6844,0.5531,0.6844,0.5531,0.5531,0.5531,0.5531,0.8688,0.5531,0.5531,0.5531,0.5531,0.8688,0.8304,0.5531,0.5531,0.5531,0.8539,0.8688,0.6844,0.5531,0.5531,0.8539,0.8688,0.8304,0.6844,0.5531,0.6844,0.5531,0.5531,0.5531,0.5531,0.8688,0.5531,0.5531,0.5531,0.5531,0.8688,0.6992,0.5531,0.5531,0.5531,0.8688,0.8539,0.6844,0.5531,0.5531,0.8688,0.8688,0.8304,0.6844,0.5531,0.6844,0.5531,0.5531,0.5531,0.5531,0.7227,0.5531,0.5531,0.5531,0.5531,0.8688,0.6844,0.5531,0.5531,0.5531,0.8688,0.8539,0.6844,0.5531,0.5531,0.8688,0.8688,0.6992,0.6844,0.5531,0.6844,0.5531,0.5531,0.5531,0.5531,0.7227,0.5531,0.5531,0.5531,0.5531,0.8688,0.6844,0.5531,0.5531,0.5531,0.8688,0.7227,0.5531,0.5531,0.5531,0.8688,0.8539,0.6992,0.5531,0.5531,0.8304,0.0,0.4852,0.5531,0.0,0.0,0.8304,0.8304,0.4852,0.8304,0.6164,0.3452,0.214,0.1696,0.1312,0.0,0.0,0.0,0.0,0.6164,0.8688,0.0,0.4704,0.4704,0.4704,0.4704,0.9344,0.7958,0.6992,0.6164,0.4852,0.9344,0.7958,0.7958,0.7883,0.6992,0.9344,0.7958,0.7958,0.7958,0.7958,0.9344,0.7958,0.7958,0.7958,0.7958,0.7883,0.5087,0.5087,0.5087,0.5087,0.8688,0.7883,0.7227,0.6548,0.6164,0.8688,0.7883,0.7883,0.7227,0.7227,0.9344,0.7883,0.7883,0.7883,0.7883,0.9344,0.7958,0.7958,0.7883,0.7883,0.7883,0.8539,0.5087,0.5087,0.5087,0.8539,0.7883,0.7227,0.7227,0.6548,0.8688,0.7883,0.7883,0.7883,0.7227,0.8688,0.7883,0.7883,0.7883,0.7883,0.8688,0.7883,0.7883,0.7883,0.7883,0.7883,0.8539,0.8304,0.5087,0.5087,0.8539,0.7883,0.7227,0.7227,0.6992,0.8688,0.7883,0.7883,0.7883,0.7227,0.8688,0.7883,0.7883,0.7883,0.7883,0.8688,0.7883,0.7883,0.7883,0.7883,0.7883,0.8539,0.8539,0.786,0.5087,0.8539,0.7883,0.7227,0.7227,0.8539,0.8539,0.7883,0.7883,0.7883,0.7227,0.8688,0.7883,0.7883,0.7883,0.7883,0.8688,0.7883,0.7883,0.7883,0.7883,0.9344,0.1696,0.6379,0.6262,0.1696,0.1696,0.9344,0.9344,0.6379,0.7883,0.5148,0.3813,0.3156,0.1696,0.0,0.0,0.0,0.0,0.0,0.7883,0.9344
39,0.0,0.0,0.0,0.0,0.0,0.6164,0.1312,0.0,0.0,0.0,0.6164,0.4469,0.1312,0.0,0.0,0.6164,0.3008,0.1461,0.1312,0.0,0.6164,0.3008,0.4469,0.1312,0.1312,0.0,0.0,0.0,0.0,0.0,0.1461,0.0,0.0,0.0,0.0,0.1696,0.1461,0.1312,0.0,0.0,0.3452,0.2773,0.1461,0.1312,0.0,0.3601,0.2773,0.1696,0.1312,0.1312,0.0,0.0,0.0,0.0,0.0,0.1461,0.0,0.0,0.0,0.0,0.1461,0.1312,0.0,0.0,0.0,0.1461,0.2773,0.0,0.1312,0.0,0.1696,0.2773,0.1461,0.1312,0.1312,0.0,0.0,0.0,0.0,0.0,0.1461,0.0,0.0,0.0,0.0,0.1461,0.1312,0.0,0.0,0.0,0.1461,0.2773,0.0,0.0,0.0,0.1461,0.2773,0.1312,0.0,0.1312,0.0,0.0,0.0,0.0,0.0,0.1461,0.0,0.0,0.0,0.0,0.1461,0.1312,0.0,0.0,0.0,0.1461,0.2773,0.0,0.0,0.0,0.1461,0.2773,0.1312,0.0,0.0,0.6164,0.1312,0.5087,0.8304,0.1312,0.1312,0.6164,0.6164,0.5087,0.6992,0.7227,0.7227,0.8688,0.786,0.5296,0.5148,0.3836,0.3836,0.3452,0.7227,0.2773,0.0,0.0,0.0,0.0,0.0,1.0,1.0,0.8304,0.3836,0.1696,1.0,1.0,1.0,0.8688,0.8304,1.0,1.0,1.0,1.0,1.0,1.0,1.0,1.0,1.0,1.0,1.0,0.8539,0.3836,0.1312,0.0,1.0,1.0,1.0,0.8539,0.6844,1.0,1.0,1.0,1.0,0.8688,1.0,1.0,1.0,1.0,1.0,1.0,1.0,1.0,1.0,1.0,1.0,1.0,0.8539,0.6844,0.3836,1.0,1.0,1.0,0.8688,0.8539,1.0,1.0,1.0,1.0,1.0,1.0,1.0,1.0,1.0,1.0,1.0,1.0,1.0,1.0,1.0,1.0,1.0,1.0,0.8539,0.6992,1.0,1.0,1.0,1.0,0.8688,1.0,1.0,1.0,1.0,1.0,1.0,1.0,1.0,1.0,1.0,1.0,1.0,1.0,1.0,1.0,1.0,1.0,1.0,0.8688,0.8539,1.0,1.0,1.0,1.0,1.0,1.0,1.0,1.0,1.0,1.0,1.0,1.0,1.0,1.0,1.0,1.0,1.0,1.0,1.0,1.0,1.0,0.0,1.0,1.0,0.0,0.0,1.0,1.0,1.0,1.0,1.0,1.0,0.8688,0.8688,0.8688,0.8688,0.8539,0.7227,0.7227,1.0,1.0
40,0.0,0.0,0.0,0.0,0.0,0.107,0.0,0.0,0.0,0.0,0.107,0.0,0.0,0.0,0.0,0.107,0.0,0.0,0.0,0.0,0.107,0.073,0.0,0.0,0.0,0.073,0.0,0.0,0.0,0.0,0.107,0.0,0.0,0.0,0.0,0.107,0.0,0.0,0.0,0.0,0.107,0.0,0.0,0.0,0.0,0.107,0.073,0.0,0.0,0.0,0.073,0.0,0.0,0.0,0.0,0.0848,0.0,0.0,0.0,0.0,0.107,0.0,0.0,0.0,0.0,0.107,0.0,0.0,0.0,0.0,0.107,0.073,0.0,0.0,0.0,0.073,0.0,0.0,0.0,0.0,0.0848,0.0,0.0,0.0,0.0,0.0848,0.0,0.0,0.0,0.0,0.107,0.0,0.0,0.0,0.0,0.107,0.073,0.0,0.0,0.0,0.073,0.0,0.0,0.0,0.0,0.0848,0.0,0.0,0.0,0.0,0.0848,0.0,0.0,0.0,0.0,0.107,0.0,0.0,0.0,0.0,0.107,0.073,0.0,0.0,0.0,0.107,0.1696,0.1696,0.073,0.0,0.0,0.107,0.107,0.1696,0.0848,0.073,0.0,0.0,0.0,0.0,0.0,0.0,0.0,0.0,0.073,0.073,0.0,0.0,0.0,0.0,0.0,1.0,1.0,0.8539,0.6992,0.4469,1.0,1.0,1.0,0.8539,0.8539,1.0,1.0,1.0,1.0,0.8688,1.0,1.0,1.0,1.0,1.0,0.6608,0.5296,0.1461,0.0,0.0,0.8539,0.8539,0.8539,0.6608,0.5296,1.0,0.8688,0.8539,0.8539,0.8539,1.0,1.0,0.8688,0.8539,0.8539,1.0,1.0,1.0,0.8688,0.8539,0.6608,0.5296,0.5296,0.3836,0.1461,0.8539,0.8539,0.8304,0.6608,0.6608,0.8539,0.8539,0.8539,0.8539,0.8539,0.8688,0.8539,0.8539,0.8539,0.8539,1.0,0.8688,0.8688,0.8539,0.8539,0.6608,0.5296,0.5296,0.5296,0.5296,0.8539,0.8539,0.6608,0.6608,0.6608,0.8539,0.8539,0.8539,0.8539,0.8539,0.8539,0.8539,0.8539,0.8539,0.8539,0.8688,0.8539,0.8539,0.8539,0.8539,0.6608,0.5296,0.5296,0.5296,0.5296,0.8539,0.8304,0.6608,0.6608,0.6608,0.8539,0.8539,0.8539,0.8539,0.8304,0.8539,0.8539,0.8539,0.8539,0.8539,0.8539,0.8539,0.8539,0.8539,0.8539,1.0,0.5531,1.0,0.786,0.0,0.0,1.0,1.0,1.0,0.786,0.5296,0.3836,0.3601,0.3452,0.1461,0.1461,0.0,0.0,0.0,0.786,1.0
41,0.0,0.214,0.214,0.214,0.214,0.6992,0.4913,0.4913,0.4913,0.4913,0.6992,0.6844,0.4913,0.4913,0.4913,0.6992,0.5531,0.5296,0.4913,0.4913,0.6992,0.6844,0.6844,0.5296,0.4913,0.6992,0.4913,0.4913,0.4913,0.4913,0.6992,0.5296,0.4913,0.4913,0.4913,0.6992,0.5531,0.5296,0.4913,0.4913,0.6992,0.6844,0.5148,0.4913,0.4913,0.6992,0.6844,0.5531,0.5296,0.4913,0.6992,0.5296,0.4913,0.4913,0.4913,0.6992,0.5531,0.4913,0.4913,0.4913,0.6992,0.5531,0.5296,0.4913,0.4913,0.6992,0.6844,0.5531,0.5296,0.4913,0.6992,0.6992,0.5531,0.5148,0.5296,0.6992,0.3836,0.4913,0.4913,0.4913,0.6992,0.5531,0.5296,0.4913,0.4913,0.6992,0.6844,0.5148,0.5296,0.4913,0.6992,0.6844,0.5531,0.5296,0.5296,0.6992,0.6992,0.5531,0.6844,0.5296,0.6992,0.5531,0.5296,0.4913,0.4913,0.6992,0.5531,0.5148,0.5296,0.4913,0.6992,0.6844,0.5531,0.5296,0.4913,0.6992,0.6992,0.5531,0.5148,0.5296,0.6992,0.6992,0.5531,0.5531,0.5296,0.6992,0.5087,0.7227,0.7227,0.214,0.214,0.6992,0.6992,0.7227,0.7227,0.7227,0.7227,0.7227,0.7227,0.7227,0.7227,0.7227,0.7227,0.5296,0.7227,0.6844,0.0,0.214,0.214,0.214,0.214,0.6399,0.6548,0.6164,0.4704,0.4704,0.6399,0.6548,0.6548,0.6844,0.6164,0.6399,0.6548,0.6548,0.6548,0.786,0.6399,0.786,0.6548,0.6548,0.6548,0.786,0.786,0.4704,0.4704,0.4704,0.786,0.6548,0.786,0.6844,0.4704,0.786,0.6548,0.6548,0.6548,0.786,0.786,0.786,0.6548,0.6548,0.6548,0.6399,0.786,0.6548,0.6548,0.6548,0.786,0.6548,0.786,0.6844,0.4704,0.786,0.6548,0.6548,0.786,0.6844,0.786,0.786,0.6548,0.6548,0.786,0.786,0.786,0.6548,0.6548,0.6548,0.786,0.786,0.6548,0.6548,0.6548,0.786,0.6548,0.6548,0.786,0.6844,0.786,0.6548,0.6548,0.6548,0.786,0.786,0.786,0.6548,0.6548,0.6548,0.786,0.786,0.6548,0.6548,0.6548,0.786,0.786,0.6548,0.6548,0.6548,0.786,0.6548,0.6548,0.6548,0.786,0.786,0.786,0.6548,0.6548,0.6548,0.786,0.786,0.6548,0.6548,0.6548,0.786,0.786,0.6548,0.6548,0.6548,0.786,0.786,0.786,0.6548,0.6548,0.6399,0.3392,0.8539,0.8539,0.0,0.0,0.6399,0.6399,0.8539,0.6399,0.6399,0.5087,0.4852,0.4704,0.3392,0.3392,0.3392,0.3392,0.3392,0.6399,0.786
42,0.0,0.4814,0.4814,0.4814,0.4814,0.753,0.7777,0.7777,0.7777,0.7777,0.753,0.7777,0.7777,0.7777,0.7777,0.753,0.7777,0.7777,0.7777,0.7777,0.753,0.7777,0.7777,0.7777,0.7777,0.753,0.753,0.753,0.753,0.753,0.7777,0.7777,0.7777,0.7777,0.7777,0.7777,0.7777,0.7777,0.7777,0.7777,0.7777,0.7777,0.7777,0.7777,0.7777,0.7777,0.7777,0.7777,0.7777,0.7777,0.753,0.753,0.753,0.753,0.753,0.7682,0.7682,0.7682,0.7682,0.7682,0.7777,0.7777,0.7777,0.7777,0.7777,0.7777,0.7777,0.7777,0.7777,0.7777,0.7777,0.7777,0.7777,0.7777,0.7777,0.753,0.753,0.753,0.753,0.753,0.7682,0.7682,0.7682,0.7682,0.7682,0.7682,0.7682,0.7682,0.7682,0.7682,0.7777,0.7777,0.7777,0.7777,0.7777,0.7777,0.7777,0.7777,0.7777,0.7777,0.753,0.753,0.753,0.753,0.753,0.7682,0.7682,0.7682,0.7682,0.7682,0.7682,0.7682,0.7682,0.7682,0.7682,0.7777,0.7777,0.7777,0.7777,0.7777,0.7777,0.7777,0.7777,0.7777,0.7777,0.753,0.2184,0.7777,0.7682,0.0,0.0,0.753,0.753,0.7777,0.7777,0.7777,0.7777,0.7682,0.6837,0.6686,0.6686,0.4788,0.4788,0.4788,0.7777,0.7777,0.0,0.4814,0.4814,0.4814,0.4814,0.7626,0.8471,0.753,0.753,0.753,0.7626,0.8774,0.8471,0.8375,0.753,0.7626,0.8774,0.8774,0.8471,0.8375,0.7626,0.7929,0.8774,0.8774,0.8471,0.753,0.753,0.753,0.753,0.753,0.753,0.753,0.753,0.753,0.753,0.8375,0.753,0.753,0.753,0.753,0.7435,0.8375,0.8375,0.753,0.753,0.7626,0.8471,0.8375,0.8375,0.8375,0.753,0.753,0.753,0.753,0.753,0.753,0.753,0.753,0.753,0.753,0.753,0.753,0.753,0.753,0.753,0.753,0.753,0.753,0.753,0.753,0.8375,0.753,0.753,0.753,0.753,0.753,0.753,0.753,0.753,0.753,0.753,0.753,0.753,0.753,0.753,0.753,0.753,0.753,0.753,0.753,0.753,0.753,0.753,0.753,0.753,0.753,0.753,0.753,0.753,0.753,0.753,0.753,0.753,0.753,0.753,0.753,0.753,0.753,0.753,0.753,0.753,0.753,0.753,0.753,0.753,0.753,0.753,0.753,0.753,0.753,0.753,0.753,0.753,0.753,0.753,0.7626,0.0,0.7626,0.7929,0.0,0.0,0.7626,0.7626,0.7626,0.8774,0.8718,0.8718,0.8718,0.8527,0.8527,0.6686,0.5459,0.3847,0.169,0.8774,0.7435
43,0.0,0.5148,0.5148,0.5148,0.5148,0.6918,0.6918,0.6918,0.6918,0.6918,0.6918,0.6918,0.6918,0.6918,0.6918,0.6918,0.6918,0.6918,0.6918,0.6918,0.6918,0.6918,0.6918,0.6918,0.6918,0.2042,0.2042,0.2042,0.2042,0.2042,0.3621,0.3621,0.3621,0.3621,0.3621,0.43,0.43,0.43,0.43,0.43,0.57,0.57,0.57,0.57,0.57,0.57,0.57,0.57,0.57,0.57,0.2042,0.2042,0.2042,0.2042,0.2042,0.3621,0.3621,0.3621,0.3621,0.3621,0.3621,0.3621,0.3621,0.3621,0.3621,0.43,0.43,0.43,0.43,0.43,0.43,0.43,0.43,0.43,0.43,0.2042,0.2042,0.2042,0.2042,0.2042,0.3621,0.3621,0.3621,0.3621,0.3621,0.3621,0.3621,0.3621,0.3621,0.3621,0.3621,0.3621,0.3621,0.3621,0.3621,0.4182,0.4182,0.4182,0.4182,0.4182,0.2042,0.2042,0.2042,0.2042,0.2042,0.3621,0.3621,0.3621,0.3621,0.3621,0.3621,0.3621,0.3621,0.3621,0.3621,0.3621,0.3621,0.3621,0.3621,0.3621,0.3621,0.3621,0.3621,0.3621,0.3621,0.6918,0.0,0.8496,0.8496,0.0,0.0,0.6918,0.6918,0.8496,0.57,0.57,0.57,0.57,0.57,0.57,0.57,0.57,0.57,0.57,0.57,0.57,0.0,0.0,0.0,0.0,0.0,0.927,0.927,0.927,0.927,0.927,0.927,0.927,0.927,0.927,0.927,0.927,0.927,0.927,0.927,0.927,0.927,0.927,0.927,0.927,0.927,0.927,0.927,0.927,0.927,0.927,0.927,0.927,0.927,0.927,0.927,0.927,0.927,0.927,0.927,0.927,0.927,0.927,0.927,0.927,0.927,0.927,0.927,0.927,0.927,0.927,0.927,0.927,0.927,0.927,0.927,0.927,0.927,0.927,0.927,0.927,0.927,0.927,0.927,0.927,0.927,0.927,0.927,0.927,0.927,0.927,0.927,0.927,0.927,0.927,0.927,0.927,0.927,0.927,0.927,0.927,0.927,0.927,0.927,0.927,0.927,0.927,0.927,0.927,0.927,0.927,0.927,0.927,0.927,0.927,0.927,0.927,0.927,0.927,0.927,0.927,0.927,0.927,0.927,0.927,0.927,0.927,0.927,0.927,0.927,0.927,0.927,0.927,0.927,0.927,0.927,0.927,0.927,0.927,0.927,0.927,0.927,0.927,0.927,0.927,0.927,0.927,0.3156,0.8422,0.8614,0.3156,0.3156,0.927,0.927,0.8422,0.927,0.927,0.927,0.927,0.927,0.927,0.927,0.927,0.6548,0.6164,0.927,0.927
44,0.0,0.0,0.0,0.0,0.0,0.0,0.0,0.0,0.0,0.0,0.0,0.0,0.0,0.0,0.0,0.0,0.0,0.0,0.0,0.0,0.0,0.0,0.0,0.0,0.0,0.0,0.0,0.0,0.0,0.0,0.0,0.0,0.0,0.0,0.0,0.0,0.0,0.0,0.0,0.0,0.0,0.0,0.0,0.0,0.0,0.0,0.0,0.0,0.0,0.0,0.0,0.0,0.0,0.0,0.0,0.0,0.0,0.0,0.0,0.0,0.0,0.0,0.0,0.0,0.0,0.0,0.0,0.0,0.0,0.0,0.0,0.0,0.0,0.0,0.0,0.0,0.0,0.0,0.0,0.0,0.0,0.0,0.0,0.0,0.0,0.0,0.0,0.0,0.0,0.0,0.0,0.0,0.0,0.0,0.0,0.0,0.0,0.0,0.0,0.0,0.0,0.0,0.0,0.0,0.0,0.0,0.0,0.0,0.0,0.0,0.0,0.0,0.0,0.0,0.0,0.0,0.0,0.0,0.0,0.0,0.0,0.0,0.0,0.0,0.0,0.0,0.169,0.0,0.0,0.169,0.169,0.0,0.0,0.0,0.0,0.0,0.0,0.0,0.0,0.0,0.0,0.0,0.0,0.0,0.0,0.0,0.0,0.0,0.0,0.0,0.0,0.0,0.0,0.0,0.0,0.0,0.0,0.0,0.0,0.0,0.0,0.0,0.0,0.0,0.0,0.0,0.0,0.0,0.0,0.0,0.0,0.0,0.0,0.0,0.0,0.0,0.0,0.0,0.0,0.0,0.0,0.0,0.0,0.0,0.0,0.0,0.0,0.0,0.0,0.0,0.0,0.0,0.0,0.0,0.0,0.0,0.0,0.0,0.0,0.0,0.0,0.0,0.0,0.0,0.0,0.0,0.0,0.0,0.0,0.0,0.0,0.0,0.0,0.0,0.0,0.0,0.0,0.0,0.0,0.0,0.0,0.0,0.0,0.0,0.0,0.0,0.0,0.0,0.0,0.0,0.0,0.0,0.0,0.0,0.0,0.0,0.0,0.0,0.0,0.0,0.0,0.0,0.0,0.0,0.0,0.0,0.0,0.0,0.0,0.0,0.0,0.0,0.0,0.0,0.0,0.0,0.0,0.0,0.0,0.0,0.0,0.0,0.0,0.0,0.0,0.0,0.0,0.0,0.0,0.0,0.0,0.0,0.0,0.0,0.0,0.0,0.0,0.0,0.0,0.0,0.0,0.0,0.0,0.0,0.0,0.0,0.0,0.0,0.0,0.0,0.0,0.0
45,0.0,0.3836,0.3836,0.3836,0.3836,0.5531,0.8539,0.6992,0.5531,0.5531,0.5531,0.8539,0.8539,0.7227,0.6992,0.5531,0.8539,0.8539,0.8539,0.7227,0.5531,0.6992,0.8539,0.8539,0.8539,0.4913,0.3601,0.3601,0.3601,0.3601,0.8304,0.8539,0.6992,0.5531,0.5531,0.8304,0.8539,0.8539,0.7227,0.6992,0.8304,0.8539,0.8539,0.8539,0.7227,0.8304,0.7227,0.8539,0.8539,0.8539,0.4913,0.3601,0.3601,0.3601,0.3601,0.8539,0.8539,0.6992,0.5531,0.5531,0.8304,0.8688,0.8539,0.7227,0.6992,0.8304,0.8539,0.8539,0.8539,0.7227,0.8304,0.8539,0.8539,0.8539,0.8539,0.4913,0.3601,0.3601,0.3601,0.3601,0.8539,0.8539,0.6992,0.5531,0.5531,0.8539,0.8688,0.8539,0.7227,0.6992,0.8304,0.8539,0.8539,0.8539,0.7227,0.8304,0.8539,0.8688,0.8539,0.8539,0.4913,0.3601,0.3601,0.3601,0.3601,0.8539,0.8539,0.7227,0.5531,0.5531,0.8539,0.8688,0.8539,0.7227,0.6992,0.8539,0.8539,0.8539,0.8539,0.7227,0.8304,0.8539,0.8688,0.8539,0.8539,0.5531,0.1312,0.8304,0.6399,0.1312,0.1312,0.5531,0.5531,0.8304,0.6548,0.6548,0.6844,0.6844,0.5531,0.5531,0.5531,0.5531,0.5531,0.5087,0.6548,0.7227,0.0,0.3836,0.3836,0.3836,0.3836,1.0,0.7227,0.6992,0.5531,0.5531,1.0,0.6844,0.7227,0.7227,0.6992,1.0,0.6164,0.7227,0.7227,0.7227,1.0,0.6164,0.6844,0.7227,0.7227,0.6992,0.5531,0.5531,0.5531,0.5531,0.8539,0.7227,0.6992,0.6992,0.5531,0.8539,0.6844,0.7227,0.7227,0.6992,1.0,0.6164,0.7227,0.7227,0.7227,1.0,0.6399,0.6844,0.7227,0.7227,0.6992,0.6992,0.5531,0.5531,0.5531,0.8304,0.7227,0.7227,0.6992,0.5531,0.8539,0.6399,0.7227,0.7227,0.6992,0.8539,0.6399,0.6992,0.7227,0.7227,0.8539,0.6844,0.6844,0.7227,0.7227,0.6992,0.7227,0.5531,0.5531,0.5531,0.8304,0.6992,0.7227,0.6992,0.6992,0.8304,0.6164,0.7227,0.7227,0.7227,0.8539,0.6399,0.6992,0.7227,0.7227,0.8539,0.6844,0.6399,0.7227,0.7227,0.6992,0.7227,0.6992,0.5531,0.5531,0.8304,0.6992,0.7227,0.7227,0.6992,0.8304,0.6399,0.7227,0.7227,0.7227,0.8304,0.6399,0.6844,0.7227,0.7227,0.8539,0.6844,0.6399,0.7227,0.7227,1.0,0.0,1.0,0.8539,0.0,0.0,1.0,1.0,1.0,0.7227,0.7227,0.7227,0.7227,0.7227,0.8539,0.8688,0.8688,0.6992,0.6399,0.7227,1.0
46,0.0,0.0,0.0,0.0,0.0,0.8539,0.0,0.0,0.0,0.0,0.8539,0.1696,0.0,0.0,0.0,0.8539,0.4913,0.0,0.0,0.0,0.8539,0.6548,0.1696,0.0,0.0,0.6548,0.073,0.073,0.073,0.073,0.8539,0.1312,0.0,0.0,0.0,0.8539,0.3601,0.0,0.0,0.0,0.8539,0.6164,0.1696,0.0,0.0,0.8539,0.6548,0.1696,0.0,0.0,0.6548,0.073,0.073,0.073,0.073,0.7227,0.1696,0.0,0.0,0.0,0.8539,0.6164,0.1312,0.0,0.0,0.8539,0.6548,0.1696,0.0,0.0,0.8539,0.6548,0.3601,0.1461,0.0,0.6548,0.073,0.073,0.073,0.073,0.7227,0.3452,0.0,0.0,0.0,0.7227,0.6164,0.1696,0.0,0.0,0.8539,0.6548,0.3008,0.1312,0.0,0.8539,0.6548,0.4913,0.1696,0.0,0.6548,0.1461,0.073,0.073,0.073,0.7227,0.4704,0.0,0.0,0.0656,0.7227,0.6164,0.1696,0.0,0.0,0.8539,0.6548,0.3452,0.1461,0.0,0.8539,0.6548,0.6164,0.1696,0.1312,0.8539,0.0,0.8688,1.0,0.0,0.0,0.8539,0.8539,0.8688,0.8539,0.786,0.8304,0.6844,0.6399,0.6164,0.6164,0.4913,0.4913,0.4913,0.786,0.6548,0.0,0.0,0.0,0.0,0.0,1.0,1.0,1.0,1.0,0.786,1.0,1.0,1.0,1.0,1.0,1.0,1.0,1.0,1.0,1.0,1.0,1.0,1.0,1.0,1.0,1.0,1.0,1.0,0.8688,0.1312,1.0,1.0,1.0,1.0,1.0,1.0,1.0,1.0,1.0,1.0,1.0,1.0,1.0,1.0,1.0,1.0,1.0,1.0,1.0,1.0,1.0,1.0,1.0,1.0,1.0,1.0,1.0,1.0,1.0,1.0,1.0,1.0,1.0,1.0,1.0,1.0,1.0,1.0,1.0,1.0,1.0,1.0,1.0,1.0,1.0,1.0,1.0,1.0,1.0,1.0,1.0,1.0,1.0,1.0,1.0,1.0,1.0,1.0,1.0,1.0,1.0,1.0,1.0,1.0,1.0,1.0,1.0,1.0,1.0,1.0,1.0,1.0,1.0,1.0,1.0,1.0,1.0,1.0,1.0,1.0,1.0,1.0,1.0,1.0,1.0,1.0,1.0,1.0,1.0,1.0,1.0,1.0,1.0,1.0,1.0,1.0,0.0,1.0,1.0,0.0,0.0,1.0,1.0,1.0,1.0,1.0,1.0,1.0,0.8688,0.8539,0.8304,0.8304,0.8304,0.8304,1.0,1.0
47,0.0,0.0,0.0,0.0,0.0,0.5087,0.0,0.0,0.0,0.0,0.5087,0.1696,0.0,0.0,0.0,0.5087,0.3601,0.0,0.0,0.0,0.5087,0.4852,0.1696,0.0,0.0,0.214,0.0,0.0,0.0,0.0,0.4704,0.0,0.0,0.0,0.0,0.4852,0.214,0.0,0.0,0.0,0.5087,0.3601,0.1312,0.0,0.0,0.5087,0.4852,0.1696,0.0,0.0,0.214,0.0,0.0,0.0,0.0,0.4704,0.0,0.0,0.0,0.0,0.4704,0.214,0.0,0.0,0.0,0.4704,0.3452,0.1312,0.0,0.0,0.4852,0.4852,0.214,0.0,0.0,0.214,0.0,0.0,0.0,0.0,0.4704,0.1312,0.0,0.0,0.0,0.4704,0.214,0.0,0.0,0.0,0.4704,0.3452,0.1696,0.0,0.0,0.4704,0.4704,0.214,0.0,0.0,0.214,0.0,0.0,0.0,0.0,0.4704,0.1696,0.0,0.0,0.0,0.4704,0.214,0.0,0.0,0.0,0.4704,0.3452,0.1696,0.0,0.0,0.4704,0.3452,0.214,0.0,0.0,0.5087,0.214,0.497,0.4048,0.214,0.214,0.5087,0.5087,0.497,0.5508,0.5434,0.3392,0.2352,0.3008,0.1461,0.1461,0.1312,0.0,0.0,0.5434,0.4852,0.0,0.0,0.0,0.0,0.0,0.5192,0.5192,0.5192,0.4462,0.289,0.5192,0.5192,0.5192,0.5192,0.5192,0.5192,0.5192,0.5192,0.5192,0.5192,0.5192,0.5192,0.5192,0.5192,0.5192,0.6504,0.5192,0.4226,0.1504,0.0,0.5192,0.6504,0.5192,0.5192,0.5192,0.5192,0.5192,0.5192,0.5192,0.5192,0.5192,0.5192,0.5192,0.5192,0.5192,0.5192,0.5192,0.5192,0.5192,0.5192,0.6504,0.5192,0.5192,0.5192,0.4226,0.6504,0.6504,0.6504,0.5192,0.5192,0.5192,0.5192,0.6504,0.6504,0.5192,0.5192,0.5192,0.5192,0.5192,0.5192,0.5192,0.5192,0.5192,0.5192,0.5192,0.6504,0.6504,0.5192,0.5192,0.5192,0.6504,0.6504,0.6504,0.5192,0.5192,0.6504,0.6504,0.6504,0.6504,0.6504,0.5192,0.5192,0.6504,0.6504,0.6504,0.5192,0.5192,0.5192,0.5192,0.5192,0.6504,0.6504,0.5192,0.5192,0.5192,0.6504,0.6504,0.6504,0.6504,0.5192,0.6504,0.6504,0.6504,0.6504,0.6504,0.6504,0.6504,0.6504,0.6504,0.6504,0.5192,0.5192,0.5192,0.6504,0.6504,0.5192,0.1696,0.5192,0.604,0.1696,0.1696,0.5192,0.5192,0.5192,0.604,0.604,0.5309,0.5192,0.4048,0.4048,0.3392,0.3392,0.3392,0.3392,0.604,0.5192
48,0.0,0.1696,0.1696,0.1696,0.1696,0.4704,0.3008,0.214,0.1696,0.1696,0.4704,0.4704,0.3008,0.3008,0.214,0.4704,0.4704,0.3452,0.3008,0.2773,0.4704,0.4704,0.4704,0.3452,0.3008,0.3008,0.1461,0.1312,0.0,0.0,0.4704,0.2773,0.3452,0.214,0.214,0.3392,0.3452,0.3008,0.3008,0.3452,0.3392,0.4704,0.3452,0.3008,0.2773,0.3392,0.4704,0.3452,0.3452,0.3008,0.3008,0.1461,0.1461,0.1312,0.1312,0.4704,0.2773,0.3452,0.214,0.214,0.4704,0.3452,0.2773,0.2773,0.3452,0.3392,0.4704,0.3452,0.3008,0.2773,0.3392,0.4704,0.3452,0.3452,0.3008,0.3008,0.1696,0.1461,0.1461,0.1312,0.4704,0.3008,0.3008,0.3452,0.214,0.4704,0.3452,0.2773,0.2773,0.3452,0.4704,0.4704,0.3452,0.2773,0.2773,0.4704,0.4704,0.3452,0.3452,0.3008,0.3008,0.1461,0.1461,0.1461,0.1461,0.4704,0.3008,0.3008,0.3452,0.214,0.4704,0.3452,0.2773,0.2773,0.3452,0.4704,0.4704,0.3452,0.2773,0.2773,0.4704,0.4704,0.3452,0.3452,0.2773,0.4704,0.0,0.7227,0.8539,0.0,0.0,0.4704,0.4704,0.7227,0.4852,0.6844,0.5531,0.6844,0.6844,0.6399,0.6164,0.6164,0.4852,0.4852,0.6844,0.4704,0.0,0.1696,0.1696,0.1696,0.1696,0.6992,0.6844,0.6992,0.6992,0.6992,0.6992,0.784,0.6844,0.6844,0.6992,0.6992,0.7618,0.784,0.6844,0.6844,0.6992,0.7618,0.784,0.7691,0.6844,0.784,0.6992,0.6992,0.6992,0.6992,0.7618,0.7574,0.6992,0.6992,0.6992,0.7618,0.784,0.6992,0.6844,0.6992,0.7618,0.784,0.784,0.6844,0.6844,0.6992,0.7618,0.784,0.784,0.6844,0.784,0.6992,0.6992,0.6992,0.6992,0.7618,0.7691,0.6992,0.6992,0.6992,0.7618,0.784,0.7574,0.6992,0.6992,0.7618,0.784,0.784,0.7574,0.6844,0.7618,0.7618,0.784,0.784,0.6992,0.784,0.6992,0.6992,0.6992,0.6992,0.784,0.7691,0.6992,0.6992,0.6992,0.7618,0.784,0.7574,0.8304,0.6992,0.7618,0.784,0.784,0.7574,0.6992,0.7618,0.7618,0.784,0.784,0.7574,0.784,0.7648,0.6992,0.6992,0.6992,0.784,0.7691,0.8304,0.6992,0.6992,0.7618,0.784,0.7691,0.8304,0.6992,0.7618,0.784,0.784,0.7574,0.8304,0.7618,0.784,0.784,0.784,0.7574,0.6992,0.0,0.6992,0.6844,0.0,0.0,0.6992,0.6992,0.6992,0.6992,0.6608,0.43,0.43,0.43,0.43,0.4182,0.4182,0.287,0.214,0.6992,0.7618
49,0.0,0.5148,0.5148,0.5148,0.5148,0.8304,1.0,0.8688,0.8688,0.8539,0.8304,1.0,1.0,1.0,0.8688,0.8304,0.8688,1.0,1.0,1.0,0.8304,0.8539,1.0,1.0,1.0,0.5531,0.8688,1.0,0.8688,0.8688,0.8304,1.0,1.0,1.0,1.0,0.8304,1.0,1.0,1.0,1.0,0.8304,0.8539,1.0,1.0,1.0,0.8304,0.8539,1.0,1.0,1.0,0.5531,0.5531,0.8688,1.0,1.0,0.6992,1.0,1.0,1.0,1.0,0.8304,0.8688,1.0,1.0,1.0,0.8304,0.8539,1.0,1.0,1.0,0.8304,0.8539,1.0,1.0,1.0,0.5531,0.5531,0.6992,0.8688,1.0,0.6992,1.0,1.0,1.0,1.0,0.8304,0.8539,1.0,1.0,1.0,0.8304,0.8539,1.0,1.0,1.0,0.8304,0.8539,1.0,1.0,1.0,0.5531,0.5531,0.5531,0.8539,0.8688,0.6992,0.7227,1.0,1.0,1.0,0.6992,0.8539,1.0,1.0,1.0,0.8304,0.8539,1.0,1.0,1.0,0.8304,0.8539,0.8688,1.0,1.0,0.8304,0.5087,0.6608,0.786,0.214,0.214,0.8304,0.8304,0.6608,0.6992,0.6992,0.6992,0.4852,0.4704,0.4704,0.3392,0.214,0.214,0.1696,0.6992,0.8539,0.0,0.5148,0.5148,0.5148,0.5148,1.0,0.8688,0.8688,0.8688,0.8688,1.0,1.0,0.8688,0.8688,0.8688,1.0,1.0,1.0,0.8688,0.8688,1.0,1.0,1.0,1.0,0.8688,1.0,0.8688,0.8688,0.8688,0.8688,1.0,1.0,0.8688,0.8688,0.8688,1.0,1.0,1.0,0.8688,0.8688,1.0,1.0,1.0,1.0,0.8688,1.0,1.0,1.0,1.0,1.0,1.0,0.8688,0.8688,0.8688,0.8688,1.0,1.0,0.8688,0.8688,0.8688,1.0,1.0,1.0,0.8688,0.8688,1.0,1.0,1.0,1.0,0.8688,1.0,1.0,1.0,1.0,1.0,1.0,1.0,0.8688,0.8688,0.8688,1.0,1.0,1.0,0.8688,0.8688,1.0,1.0,1.0,1.0,0.8688,1.0,1.0,1.0,1.0,1.0,1.0,1.0,1.0,1.0,1.0,1.0,1.0,0.8688,0.8688,0.8688,1.0,1.0,1.0,0.8688,0.8688,1.0,1.0,1.0,1.0,0.8688,1.0,1.0,1.0,1.0,1.0,1.0,1.0,1.0,1.0,1.0,1.0,0.3392,1.0,0.8688,0.0656,0.0656,1.0,1.0,1.0,0.8688,0.8688,0.8539,0.8304,0.8304,0.5296,0.5296,0.5296,0.3008,0.0,0.8688,1.0
50,0.0,0.3836,0.3836,0.3836,0.3836,1.0,0.8304,0.8304,0.8304,0.8304,1.0,0.8539,0.8304,0.8304,0.8304,1.0,0.8539,0.8539,0.8304,0.8304,1.0,0.8539,0.8539,0.8304,0.8304,0.7227,0.6548,0.6548,0.6548,0.6548,0.8539,0.8304,0.786,0.786,0.786,0.8688,0.8304,0.786,0.786,0.786,0.8688,0.8304,0.8304,0.786,0.786,0.8688,0.8304,0.8304,0.8304,0.786,0.7227,0.786,0.6548,0.6548,0.6548,0.8539,0.8304,0.786,0.786,0.786,0.8539,0.8304,0.8304,0.786,0.786,0.8539,0.8304,0.8304,0.786,0.786,0.8688,0.8539,0.8304,0.8304,0.786,0.7227,0.8304,0.786,0.6548,0.6548,0.8539,0.8304,0.786,0.786,0.786,0.8539,0.8304,0.8304,0.786,0.786,0.8539,0.8539,0.8304,0.8304,0.786,0.8539,0.8539,0.8304,0.8304,0.786,0.7227,0.8304,0.786,0.6548,0.6548,0.8539,0.8304,0.8304,0.786,0.786,0.8539,0.8304,0.8304,0.786,0.786,0.8539,0.8539,0.8304,0.8304,0.786,0.8539,0.8539,0.8304,0.8304,0.8304,1.0,0.0,0.8688,0.8688,0.0,0.0,1.0,1.0,0.8688,1.0,1.0,1.0,1.0,0.8688,0.8688,0.8539,0.2773,0.0,0.0,1.0,0.8304,0.0,0.3836,0.3836,0.3836,0.3836,1.0,1.0,1.0,1.0,1.0,1.0,1.0,1.0,1.0,1.0,1.0,1.0,1.0,1.0,1.0,1.0,1.0,1.0,1.0,1.0,1.0,1.0,1.0,1.0,1.0,1.0,1.0,1.0,1.0,1.0,1.0,1.0,1.0,1.0,1.0,1.0,1.0,1.0,1.0,1.0,1.0,1.0,1.0,1.0,1.0,1.0,1.0,1.0,1.0,1.0,1.0,1.0,1.0,1.0,1.0,1.0,1.0,1.0,1.0,1.0,1.0,1.0,1.0,1.0,1.0,1.0,1.0,1.0,1.0,1.0,1.0,1.0,1.0,1.0,1.0,1.0,1.0,1.0,1.0,1.0,1.0,1.0,1.0,1.0,1.0,1.0,1.0,1.0,1.0,1.0,1.0,1.0,1.0,1.0,1.0,1.0,1.0,1.0,1.0,1.0,1.0,1.0,1.0,1.0,1.0,1.0,1.0,1.0,1.0,1.0,1.0,1.0,1.0,1.0,1.0,1.0,1.0,1.0,1.0,1.0,1.0,0.0,1.0,1.0,0.0,0.0,1.0,1.0,1.0,1.0,0.6844,0.6164,0.214,0.1461,0.1312,0.1312,0.0,0.0,0.0,1.0,1.0
All,0.003,0.1544,0.1544,0.1544,0.1544,0.4407,0.3824,0.3352,0.3205,0.2981,0.4407,0.445,0.3824,0.349,0.3352,0.4407,0.4558,0.4198,0.3824,0.3573,0.4407,0.4667,0.445,0.4101,0.3824,0.3479,0.2848,0.2579,0.2534,0.2499,0.4433,0.4025,0.3522,0.3296,0.3055,0.4301,0.4318,0.394,0.3598,0.3448,0.4446,0.4551,0.4234,0.3936,0.3637,0.4446,0.4698,0.4291,0.4162,0.3914,0.3479,0.3105,0.2848,0.2664,0.2579,0.4448,0.3947,0.3713,0.3411,0.3238,0.4433,0.4371,0.4025,0.3821,0.3522,0.4355,0.4532,0.4175,0.3989,0.3796,0.4301,0.4599,0.4318,0.4209,0.394,0.3479,0.3108,0.3032,0.2848,0.2703,0.432,0.3988,0.3813,0.3547,0.3271,0.4443,0.4365,0.4056,0.3848,0.3628,0.4433,0.4505,0.4184,0.4025,0.3826,0.4402,0.4584,0.4335,0.4233,0.4023,0.3479,0.3203,0.3105,0.2941,0.2848,0.4228,0.3954,0.3826,0.3508,0.3409,0.4448,0.4329,0.3947,0.3879,0.3713,0.4478,0.4548,0.4168,0.4095,0.3879,0.4433,0.4534,0.4371,0.4144,0.4025,0.4407,0.1543,0.4801,0.5043,0.0743,0.0743,0.4407,0.4407,0.4801,0.463,0.4702,0.4593,0.4518,0.4363,0.4211,0.3903,0.3507,0.3152,0.2815,0.4702,0.4698,0.003,0.1679,0.1679,0.1679,0.1679,0.7949,0.7022,0.6077,0.5408,0.5033,0.7949,0.7445,0.7022,0.6651,0.6077,0.7949,0.7612,0.7295,0.7022,0.6873,0.7949,0.7593,0.7445,0.7216,0.7022,0.7436,0.6239,0.5219,0.4918,0.4399,0.7841,0.7227,0.6827,0.6305,0.5732,0.7989,0.7439,0.714,0.6858,0.6577,0.8026,0.765,0.7284,0.7143,0.6902,0.8003,0.7691,0.7485,0.7243,0.7149,0.7436,0.6739,0.6239,0.5731,0.5219,0.7777,0.7368,0.7009,0.6592,0.6225,0.7841,0.7462,0.7227,0.7064,0.6827,0.788,0.7508,0.7337,0.715,0.6994,0.7989,0.7677,0.7439,0.7267,0.714,0.7436,0.694,0.6533,0.6239,0.5961,0.7701,0.7401,0.7045,0.6744,0.6553,0.7783,0.7515,0.7176,0.7163,0.6916,0.7841,0.7591,0.7425,0.7227,0.7148,0.7858,0.7705,0.7459,0.7237,0.7153,0.7436,0.7073,0.6739,0.6458,0.6239,0.7665,0.7453,0.713,0.6952,0.6682,0.7777,0.7541,0.7368,0.7181,0.7009,0.7875,0.7567,0.7449,0.7171,0.7165,0.7841,0.7657,0.7462,0.7339,0.7227,0.7949,0.1546,0.748,0.7133,0.0457,0.0457,0.7949,0.7949,0.748,0.7569,0.6919,0.6311,0.5583,0.5156,0.4645,0.4246,0.3722,0.3164,0.2835,0.7569,0.8026
